config,m,n,seed,algo,K_mult,cmax,lb,gap_pct,time_ms,assign_sha16
eval-m2-n30,2,30,3000,lpt,,696,696,0.000000,0.050,969d71936ddf34ee
eval-m2-n30,2,30,3000,multifit,,696,696,0.000000,0.063,ab736b995a0855f5
eval-m2-n30,2,30,3000,lpt_ls,,696,696,0.000000,0.106,969d71936ddf34ee
eval-m2-n30,2,30,3000,rol,4,696,696,0.000000,0.097,969d71936ddf34ee
eval-m2-n30,2,30,3001,lpt,,857,855,0.233918,0.019,178a5e9ef88bab2f
eval-m2-n30,2,30,3001,multifit,,855,855,0.000000,0.054,a87c23a0516f65dc
eval-m2-n30,2,30,3001,lpt_ls,,855,855,0.000000,0.094,0b9b2fa2d1ddb744
eval-m2-n30,2,30,3001,rol,4,857,855,0.233918,0.081,178a5e9ef88bab2f
eval-m2-n30,2,30,3002,lpt,,718,717,0.139470,0.017,5f55c0c8949c263f
eval-m2-n30,2,30,3002,multifit,,717,717,0.000000,0.056,1c078223708c8009
eval-m2-n30,2,30,3002,lpt_ls,,717,717,0.000000,0.087,4cc442f56fbbd2d4
eval-m2-n30,2,30,3002,rol,4,717,717,0.000000,0.079,5ef20eb8716bdcd3
eval-m2-n30,2,30,3003,lpt,,759,759,0.000000,0.016,05bd54afa040e9c2
eval-m2-n30,2,30,3003,multifit,,761,759,0.263505,0.049,3c8a9933b57d9248
eval-m2-n30,2,30,3003,lpt_ls,,759,759,0.000000,0.059,05bd54afa040e9c2
eval-m2-n30,2,30,3003,rol,4,759,759,0.000000,0.074,05bd54afa040e9c2
eval-m2-n30,2,30,3004,lpt,,804,804,0.000000,0.017,9e1cdf60ac9a4b05
eval-m2-n30,2,30,3004,multifit,,804,804,0.000000,0.054,41f1392b0c198a52
eval-m2-n30,2,30,3004,lpt_ls,,804,804,0.000000,0.042,9e1cdf60ac9a4b05
eval-m2-n30,2,30,3004,rol,4,804,804,0.000000,0.072,9e1cdf60ac9a4b05
eval-m2-n30,2,30,3005,lpt,,806,806,0.000000,0.015,7f607cf2e7295b1b
eval-m2-n30,2,30,3005,multifit,,806,806,0.000000,0.052,11279a11e722832c
eval-m2-n30,2,30,3005,lpt_ls,,806,806,0.000000,0.053,7f607cf2e7295b1b
eval-m2-n30,2,30,3005,rol,4,806,806,0.000000,0.075,7f607cf2e7295b1b
eval-m2-n30,2,30,3006,lpt,,709,709,0.000000,0.016,3cd04f8cf0a79da6
eval-m2-n30,2,30,3006,multifit,,709,709,0.000000,0.053,7c77ccbde4722042
eval-m2-n30,2,30,3006,lpt_ls,,709,709,0.000000,0.058,3cd04f8cf0a79da6
eval-m2-n30,2,30,3006,rol,4,709,709,0.000000,0.077,3cd04f8cf0a79da6
eval-m2-n30,2,30,3007,lpt,,680,680,0.000000,0.016,febf00399ccab706
eval-m2-n30,2,30,3007,multifit,,680,680,0.000000,0.054,2b8cf341e0efb497
eval-m2-n30,2,30,3007,lpt_ls,,680,680,0.000000,0.043,febf00399ccab706
eval-m2-n30,2,30,3007,rol,4,680,680,0.000000,0.073,febf00399ccab706
eval-m2-n30,2,30,3008,lpt,,754,753,0.132802,0.016,766b7937066a56ad
eval-m2-n30,2,30,3008,multifit,,754,753,0.132802,0.053,0c7992a0282af37b
eval-m2-n30,2,30,3008,lpt_ls,,753,753,0.000000,0.078,0d52ecb69ff3b220
eval-m2-n30,2,30,3008,rol,4,753,753,0.000000,0.080,ebb3f8ec39abfd38
eval-m2-n30,2,30,3009,lpt,,802,800,0.250000,0.015,97a712fad19314df
eval-m2-n30,2,30,3009,multifit,,800,800,0.000000,0.051,a9b026419d06a4d2
eval-m2-n30,2,30,3009,lpt_ls,,800,800,0.000000,0.060,4f6485b337ac0e2b
eval-m2-n30,2,30,3009,rol,4,802,800,0.250000,0.075,97a712fad19314df
eval-m2-n30,2,30,3010,lpt,,803,802,0.124688,0.015,fbe321139d0ba51b
eval-m2-n30,2,30,3010,multifit,,802,802,0.000000,0.051,cde50461a620946f
eval-m2-n30,2,30,3010,lpt_ls,,802,802,0.000000,0.058,2509a3583a681ba4
eval-m2-n30,2,30,3010,rol,4,802,802,0.000000,0.074,73b81cf6f33dacea
eval-m2-n30,2,30,3011,lpt,,764,763,0.131062,0.014,71ea4da4efaac2d9
eval-m2-n30,2,30,3011,multifit,,764,763,0.131062,0.050,28aeeff7b962b423
eval-m2-n30,2,30,3011,lpt_ls,,763,763,0.000000,0.056,78af83a0cff66f2c
eval-m2-n30,2,30,3011,rol,4,763,763,0.000000,0.086,6aaff0853bb2f823
eval-m2-n30,2,30,3012,lpt,,707,707,0.000000,0.017,c2fec23dc0d05184
eval-m2-n30,2,30,3012,multifit,,707,707,0.000000,0.054,222a89b66d6374df
eval-m2-n30,2,30,3012,lpt_ls,,707,707,0.000000,0.058,c2fec23dc0d05184
eval-m2-n30,2,30,3012,rol,4,707,707,0.000000,0.077,c2fec23dc0d05184
eval-m2-n30,2,30,3013,lpt,,694,694,0.000000,0.016,32346029c9f0196a
eval-m2-n30,2,30,3013,multifit,,694,694,0.000000,0.052,e3fcd7a150b7cadc
eval-m2-n30,2,30,3013,lpt_ls,,694,694,0.000000,0.054,32346029c9f0196a
eval-m2-n30,2,30,3013,rol,4,694,694,0.000000,0.076,32346029c9f0196a
eval-m2-n30,2,30,3014,lpt,,613,613,0.000000,0.015,3189abe36987b91f
eval-m2-n30,2,30,3014,multifit,,613,613,0.000000,0.053,4290b8370be3c668
eval-m2-n30,2,30,3014,lpt_ls,,613,613,0.000000,0.053,3189abe36987b91f
eval-m2-n30,2,30,3014,rol,4,613,613,0.000000,0.073,3189abe36987b91f
eval-m2-n30,2,30,3015,lpt,,719,718,0.139276,0.015,87fe301e140c3d7c
eval-m2-n30,2,30,3015,multifit,,718,718,0.000000,0.051,2f9bcbf8a9fa7d65
eval-m2-n30,2,30,3015,lpt_ls,,718,718,0.000000,0.073,15fcceac63d4b0f3
eval-m2-n30,2,30,3015,rol,4,718,718,0.000000,0.074,23f189bc3283ada1
eval-m2-n30,2,30,3016,lpt,,780,780,0.000000,0.015,6a7ce838420b197f
eval-m2-n30,2,30,3016,multifit,,781,780,0.128205,0.053,905ca485f8b3d812
eval-m2-n30,2,30,3016,lpt_ls,,780,780,0.000000,0.040,6a7ce838420b197f
eval-m2-n30,2,30,3016,rol,4,780,780,0.000000,0.074,6a7ce838420b197f
eval-m2-n30,2,30,3017,lpt,,804,802,0.249377,0.016,3b71ecbb9e011d0a
eval-m2-n30,2,30,3017,multifit,,803,802,0.124688,0.052,a2d3b7e42be98790
eval-m2-n30,2,30,3017,lpt_ls,,802,802,0.000000,0.062,1f0a3b16b478d42b
eval-m2-n30,2,30,3017,rol,4,804,802,0.249377,0.088,3b71ecbb9e011d0a
eval-m2-n30,2,30,3018,lpt,,746,746,0.000000,0.015,61651573ceae93c2
eval-m2-n30,2,30,3018,multifit,,747,746,0.134048,0.051,6d434784135f08b4
eval-m2-n30,2,30,3018,lpt_ls,,746,746,0.000000,0.053,61651573ceae93c2
eval-m2-n30,2,30,3018,rol,4,746,746,0.000000,0.075,61651573ceae93c2
eval-m2-n30,2,30,3019,lpt,,779,779,0.000000,0.014,97241ce83f594602
eval-m2-n30,2,30,3019,multifit,,779,779,0.000000,0.052,c8c49c22767ecd44
eval-m2-n30,2,30,3019,lpt_ls,,779,779,0.000000,0.039,97241ce83f594602
eval-m2-n30,2,30,3019,rol,4,779,779,0.000000,0.074,97241ce83f594602
eval-m2-n30,2,30,3020,lpt,,541,540,0.185185,0.014,391f7f39774d595c
eval-m2-n30,2,30,3020,multifit,,541,540,0.185185,0.055,58830ca3fe87a532
eval-m2-n30,2,30,3020,lpt_ls,,541,540,0.185185,0.038,391f7f39774d595c
eval-m2-n30,2,30,3020,rol,4,540,540,0.000000,0.072,707b8d8274280ceb
eval-m2-n30,2,30,3021,lpt,,737,737,0.000000,0.019,60055f0235295239
eval-m2-n30,2,30,3021,multifit,,737,737,0.000000,0.052,916d817a6f08254c
eval-m2-n30,2,30,3021,lpt_ls,,737,737,0.000000,0.040,60055f0235295239
eval-m2-n30,2,30,3021,rol,4,737,737,0.000000,0.077,60055f0235295239
eval-m2-n30,2,30,3022,lpt,,805,804,0.124378,0.015,3f02fc5de71c5fa0
eval-m2-n30,2,30,3022,multifit,,804,804,0.000000,0.052,70c5e000441bd52c
eval-m2-n30,2,30,3022,lpt_ls,,804,804,0.000000,0.066,c702a208117c8c4c
eval-m2-n30,2,30,3022,rol,4,805,804,0.124378,0.076,3f02fc5de71c5fa0
eval-m2-n30,2,30,3023,lpt,,678,678,0.000000,0.015,b758a76b389b85dd
eval-m2-n30,2,30,3023,multifit,,678,678,0.000000,0.053,db0baa611189744e
eval-m2-n30,2,30,3023,lpt_ls,,678,678,0.000000,0.054,b758a76b389b85dd
eval-m2-n30,2,30,3023,rol,4,678,678,0.000000,0.086,b758a76b389b85dd
eval-m2-n30,2,30,3024,lpt,,702,701,0.142653,0.016,7e31a83c961f322c
eval-m2-n30,2,30,3024,multifit,,701,701,0.000000,0.052,0f4cb903554c4709
eval-m2-n30,2,30,3024,lpt_ls,,701,701,0.000000,0.073,1ca9901b571e769a
eval-m2-n30,2,30,3024,rol,4,702,701,0.142653,0.080,7e31a83c961f322c
eval-m2-n30,2,30,3025,lpt,,663,663,0.000000,0.015,081ca77e36c358ef
eval-m2-n30,2,30,3025,multifit,,663,663,0.000000,0.051,e9a372fc9d3043a7
eval-m2-n30,2,30,3025,lpt_ls,,663,663,0.000000,0.037,081ca77e36c358ef
eval-m2-n30,2,30,3025,rol,4,663,663,0.000000,0.079,081ca77e36c358ef
eval-m2-n30,2,30,3026,lpt,,649,648,0.154321,0.015,1e86534e0c0d8f9d
eval-m2-n30,2,30,3026,multifit,,648,648,0.000000,0.051,da22fadb8a7f494f
eval-m2-n30,2,30,3026,lpt_ls,,648,648,0.000000,0.072,47762453c8519b60
eval-m2-n30,2,30,3026,rol,4,649,648,0.154321,0.073,1e86534e0c0d8f9d
eval-m2-n30,2,30,3027,lpt,,833,833,0.000000,0.015,5958053ead1c9279
eval-m2-n30,2,30,3027,multifit,,835,833,0.240096,0.053,e8a82137f85b7589
eval-m2-n30,2,30,3027,lpt_ls,,833,833,0.000000,0.040,5958053ead1c9279
eval-m2-n30,2,30,3027,rol,4,833,833,0.000000,0.074,5958053ead1c9279
eval-m2-n30,2,30,3028,lpt,,717,716,0.139665,0.015,4994882e9b7929cf
eval-m2-n30,2,30,3028,multifit,,716,716,0.000000,0.064,67a11bd71a4f7a28
eval-m2-n30,2,30,3028,lpt_ls,,716,716,0.000000,0.062,597ad5c70a185b0f
eval-m2-n30,2,30,3028,rol,4,717,716,0.139665,0.077,4994882e9b7929cf
eval-m2-n30,2,30,3029,lpt,,685,682,0.439883,0.018,d9f7fba7e53e2cea
eval-m2-n30,2,30,3029,multifit,,683,682,0.146628,0.050,1f2f26a11302abc9
eval-m2-n30,2,30,3029,lpt_ls,,682,682,0.000000,0.135,849e685079fe5c9d
eval-m2-n30,2,30,3029,rol,4,682,682,0.000000,0.088,faa460cf09da6b5c
eval-m2-n50,2,50,3000,lpt,,1166,1166,0.000000,0.025,cb070ba107842c69
eval-m2-n50,2,50,3000,multifit,,1166,1166,0.000000,0.088,fea24b01c3bcb174
eval-m2-n50,2,50,3000,lpt_ls,,1166,1166,0.000000,0.061,cb070ba107842c69
eval-m2-n50,2,50,3000,rol,4,1166,1166,0.000000,0.113,cb070ba107842c69
eval-m2-n50,2,50,3001,lpt,,1358,1357,0.073692,0.023,9ae5d164126a3077
eval-m2-n50,2,50,3001,multifit,,1357,1357,0.000000,0.089,28ec8cbaece62c16
eval-m2-n50,2,50,3001,lpt_ls,,1357,1357,0.000000,0.096,b6e8edd1120f8eb0
eval-m2-n50,2,50,3001,rol,4,1358,1357,0.073692,0.118,9ae5d164126a3077
eval-m2-n50,2,50,3002,lpt,,1127,1126,0.088810,0.022,4761ac2b800d408a
eval-m2-n50,2,50,3002,multifit,,1126,1126,0.000000,0.086,191effd787b676f5
eval-m2-n50,2,50,3002,lpt_ls,,1126,1126,0.000000,0.088,63152f05fe0610af
eval-m2-n50,2,50,3002,rol,4,1127,1126,0.088810,0.120,4761ac2b800d408a
eval-m2-n50,2,50,3003,lpt,,1201,1200,0.083333,0.022,2d72260a347ebe2a
eval-m2-n50,2,50,3003,multifit,,1201,1200,0.083333,0.086,dbb1d31e70bcf3a2
eval-m2-n50,2,50,3003,lpt_ls,,1200,1200,0.000000,0.086,d514aaec615983d0
eval-m2-n50,2,50,3003,rol,4,1201,1200,0.083333,0.109,2d72260a347ebe2a
eval-m2-n50,2,50,3004,lpt,,1297,1297,0.000000,0.022,1a71df1724843e8d
eval-m2-n50,2,50,3004,multifit,,1297,1297,0.000000,0.084,6534cdf2ef23347f
eval-m2-n50,2,50,3004,lpt_ls,,1297,1297,0.000000,0.049,1a71df1724843e8d
eval-m2-n50,2,50,3004,rol,4,1297,1297,0.000000,0.114,1a71df1724843e8d
eval-m2-n50,2,50,3005,lpt,,1366,1365,0.073260,0.023,858ad784cfaeef55
eval-m2-n50,2,50,3005,multifit,,1365,1365,0.000000,0.086,56fd712a36533560
eval-m2-n50,2,50,3005,lpt_ls,,1365,1365,0.000000,0.098,aacdafea9b510555
eval-m2-n50,2,50,3005,rol,4,1366,1365,0.073260,0.106,858ad784cfaeef55
eval-m2-n50,2,50,3006,lpt,,1237,1237,0.000000,0.022,b0952db2dfc0f288
eval-m2-n50,2,50,3006,multifit,,1237,1237,0.000000,0.086,5d2d6c3c7c3db499
eval-m2-n50,2,50,3006,lpt_ls,,1237,1237,0.000000,0.050,b0952db2dfc0f288
eval-m2-n50,2,50,3006,rol,4,1237,1237,0.000000,0.126,b0952db2dfc0f288
eval-m2-n50,2,50,3007,lpt,,1104,1104,0.000000,0.021,28ec7196fb1b4c47
eval-m2-n50,2,50,3007,multifit,,1104,1104,0.000000,0.086,d8d1b617befa10c0
eval-m2-n50,2,50,3007,lpt_ls,,1104,1104,0.000000,0.073,28ec7196fb1b4c47
eval-m2-n50,2,50,3007,rol,4,1104,1104,0.000000,0.122,28ec7196fb1b4c47
eval-m2-n50,2,50,3008,lpt,,1210,1210,0.000000,0.023,a4f8511fd780c857
eval-m2-n50,2,50,3008,multifit,,1210,1210,0.000000,0.086,483ceacbba034142
eval-m2-n50,2,50,3008,lpt_ls,,1210,1210,0.000000,0.051,a4f8511fd780c857
eval-m2-n50,2,50,3008,rol,4,1210,1210,0.000000,0.120,a4f8511fd780c857
eval-m2-n50,2,50,3009,lpt,,1252,1251,0.079936,0.022,0f8bf9fdc30797b4
eval-m2-n50,2,50,3009,multifit,,1251,1251,0.000000,0.087,c39cc25ef587fa96
eval-m2-n50,2,50,3009,lpt_ls,,1251,1251,0.000000,0.079,d668a0d7e02c2277
eval-m2-n50,2,50,3009,rol,4,1252,1251,0.079936,0.115,0f8bf9fdc30797b4
eval-m2-n50,2,50,3010,lpt,,1407,1406,0.071124,0.021,27223b378ec6f4e7
eval-m2-n50,2,50,3010,multifit,,1406,1406,0.000000,0.084,de69bfd532dae40b
eval-m2-n50,2,50,3010,lpt_ls,,1406,1406,0.000000,0.083,d227215edad18ece
eval-m2-n50,2,50,3010,rol,4,1407,1406,0.071124,0.118,27223b378ec6f4e7
eval-m2-n50,2,50,3011,lpt,,1298,1298,0.000000,0.021,70c63e3f98bbca12
eval-m2-n50,2,50,3011,multifit,,1299,1298,0.077042,0.086,16887644a9d91190
eval-m2-n50,2,50,3011,lpt_ls,,1298,1298,0.000000,0.062,70c63e3f98bbca12
eval-m2-n50,2,50,3011,rol,4,1298,1298,0.000000,0.111,70c63e3f98bbca12
eval-m2-n50,2,50,3012,lpt,,1271,1271,0.000000,0.023,3e85824706fad2cc
eval-m2-n50,2,50,3012,multifit,,1271,1271,0.000000,0.086,a226652ed0546969
eval-m2-n50,2,50,3012,lpt_ls,,1271,1271,0.000000,0.068,3e85824706fad2cc
eval-m2-n50,2,50,3012,rol,4,1271,1271,0.000000,0.112,3e85824706fad2cc
eval-m2-n50,2,50,3013,lpt,,1307,1307,0.000000,0.022,9b957ab6c9a6c834
eval-m2-n50,2,50,3013,multifit,,1307,1307,0.000000,0.083,03328c8af8e811b7
eval-m2-n50,2,50,3013,lpt_ls,,1307,1307,0.000000,0.050,9b957ab6c9a6c834
eval-m2-n50,2,50,3013,rol,4,1307,1307,0.000000,0.119,9b957ab6c9a6c834
eval-m2-n50,2,50,3014,lpt,,1170,1170,0.000000,0.021,41d705e34083846a
eval-m2-n50,2,50,3014,multifit,,1170,1170,0.000000,0.085,cbe2eab34034254f
eval-m2-n50,2,50,3014,lpt_ls,,1170,1170,0.000000,0.049,41d705e34083846a
eval-m2-n50,2,50,3014,rol,4,1170,1170,0.000000,0.119,41d705e34083846a
eval-m2-n50,2,50,3015,lpt,,1174,1174,0.000000,0.021,dac27a6132342918
eval-m2-n50,2,50,3015,multifit,,1174,1174,0.000000,0.089,7cfcc5ffdb16a30d
eval-m2-n50,2,50,3015,lpt_ls,,1174,1174,0.000000,0.064,dac27a6132342918
eval-m2-n50,2,50,3015,rol,4,1174,1174,0.000000,0.112,dac27a6132342918
eval-m2-n50,2,50,3016,lpt,,1238,1238,0.000000,0.022,e8c1dfddafaea86f
eval-m2-n50,2,50,3016,multifit,,1239,1238,0.080775,0.085,2363a33da0f9c709
eval-m2-n50,2,50,3016,lpt_ls,,1238,1238,0.000000,0.068,e8c1dfddafaea86f
eval-m2-n50,2,50,3016,rol,4,1238,1238,0.000000,0.134,e8c1dfddafaea86f
eval-m2-n50,2,50,3017,lpt,,1232,1232,0.000000,0.022,79d7ac8d5962d400
eval-m2-n50,2,50,3017,multifit,,1232,1232,0.000000,0.085,ced25264a636cb59
eval-m2-n50,2,50,3017,lpt_ls,,1232,1232,0.000000,0.063,79d7ac8d5962d400
eval-m2-n50,2,50,3017,rol,4,1232,1232,0.000000,0.114,79d7ac8d5962d400
eval-m2-n50,2,50,3018,lpt,,1434,1433,0.069784,0.021,30ff82d96bdaf1ae
eval-m2-n50,2,50,3018,multifit,,1433,1433,0.000000,0.084,33a7187baac4fe4e
eval-m2-n50,2,50,3018,lpt_ls,,1433,1433,0.000000,0.071,9fde8eb2de653a25
eval-m2-n50,2,50,3018,rol,4,1434,1433,0.069784,0.115,30ff82d96bdaf1ae
eval-m2-n50,2,50,3019,lpt,,1234,1233,0.081103,0.021,d525dfaeb8ebaf6a
eval-m2-n50,2,50,3019,multifit,,1233,1233,0.000000,0.084,6b1c4c650fd56c1a
eval-m2-n50,2,50,3019,lpt_ls,,1233,1233,0.000000,0.083,d40803c9a83b60ef
eval-m2-n50,2,50,3019,rol,4,1234,1233,0.081103,0.124,d525dfaeb8ebaf6a
eval-m2-n50,2,50,3020,lpt,,1014,1014,0.000000,0.022,446cc1bed03fbcb1
eval-m2-n50,2,50,3020,multifit,,1014,1014,0.000000,0.081,1b6d1e0f000650f3
eval-m2-n50,2,50,3020,lpt_ls,,1014,1014,0.000000,0.063,446cc1bed03fbcb1
eval-m2-n50,2,50,3020,rol,4,1014,1014,0.000000,0.118,446cc1bed03fbcb1
eval-m2-n50,2,50,3021,lpt,,1239,1239,0.000000,0.021,e36c21d737b7c358
eval-m2-n50,2,50,3021,multifit,,1239,1239,0.000000,0.092,b3a18e09dabda97c
eval-m2-n50,2,50,3021,lpt_ls,,1239,1239,0.000000,0.048,e36c21d737b7c358
eval-m2-n50,2,50,3021,rol,4,1239,1239,0.000000,0.116,e36c21d737b7c358
eval-m2-n50,2,50,3022,lpt,,1263,1261,0.158604,0.021,ada91e4425e58e1d
eval-m2-n50,2,50,3022,multifit,,1261,1261,0.000000,0.082,7d499690f7c3b9f3
eval-m2-n50,2,50,3022,lpt_ls,,1261,1261,0.000000,0.083,ffc65f172add2aff
eval-m2-n50,2,50,3022,rol,4,1263,1261,0.158604,0.122,ada91e4425e58e1d
eval-m2-n50,2,50,3023,lpt,,1204,1204,0.000000,0.021,b057dd060490954d
eval-m2-n50,2,50,3023,multifit,,1205,1204,0.083056,0.088,2bc50bade8d91ce5
eval-m2-n50,2,50,3023,lpt_ls,,1204,1204,0.000000,0.061,b057dd060490954d
eval-m2-n50,2,50,3023,rol,4,1204,1204,0.000000,0.117,b057dd060490954d
eval-m2-n50,2,50,3024,lpt,,1142,1142,0.000000,0.022,e078422d94c332ca
eval-m2-n50,2,50,3024,multifit,,1143,1142,0.087566,0.086,9696298e4ab140e1
eval-m2-n50,2,50,3024,lpt_ls,,1142,1142,0.000000,0.061,e078422d94c332ca
eval-m2-n50,2,50,3024,rol,4,1142,1142,0.000000,0.114,e078422d94c332ca
eval-m2-n50,2,50,3025,lpt,,1251,1251,0.000000,0.022,8177db51d7fafdae
eval-m2-n50,2,50,3025,multifit,,1251,1251,0.000000,0.088,d19a7a8a0d248611
eval-m2-n50,2,50,3025,lpt_ls,,1251,1251,0.000000,0.047,8177db51d7fafdae
eval-m2-n50,2,50,3025,rol,4,1251,1251,0.000000,0.123,8177db51d7fafdae
eval-m2-n50,2,50,3026,lpt,,1253,1251,0.159872,0.023,32b7cfe049055524
eval-m2-n50,2,50,3026,multifit,,1251,1251,0.000000,0.085,92bb5eb9ab3527ba
eval-m2-n50,2,50,3026,lpt_ls,,1251,1251,0.000000,0.077,23580802423a009e
eval-m2-n50,2,50,3026,rol,4,1253,1251,0.159872,0.115,32b7cfe049055524
eval-m2-n50,2,50,3027,lpt,,1371,1370,0.072993,0.022,9e0568ae5d62e840
eval-m2-n50,2,50,3027,multifit,,1370,1370,0.000000,0.089,6bc907538e71950e
eval-m2-n50,2,50,3027,lpt_ls,,1370,1370,0.000000,0.085,a665f2d1b0d1c3ce
eval-m2-n50,2,50,3027,rol,4,1370,1370,0.000000,0.117,e816982ef070590f
eval-m2-n50,2,50,3028,lpt,,1209,1208,0.082781,0.021,c1fae4cafee0f19b
eval-m2-n50,2,50,3028,multifit,,1209,1208,0.082781,0.084,a28f88aed078fa60
eval-m2-n50,2,50,3028,lpt_ls,,1208,1208,0.000000,0.070,055d8983fd06b2a4
eval-m2-n50,2,50,3028,rol,4,1209,1208,0.082781,0.115,c1fae4cafee0f19b
eval-m2-n50,2,50,3029,lpt,,1172,1172,0.000000,0.021,ba66397384a10a0f
eval-m2-n50,2,50,3029,multifit,,1172,1172,0.000000,0.086,e4e0e5a836f2f5be
eval-m2-n50,2,50,3029,lpt_ls,,1172,1172,0.000000,0.126,ba66397384a10a0f
eval-m2-n50,2,50,3029,rol,4,1172,1172,0.000000,0.124,ba66397384a10a0f
eval-m2-n100,2,100,3000,lpt,,2474,2474,0.000000,0.046,6bc32fd6bf7c56ae
eval-m2-n100,2,100,3000,multifit,,2474,2474,0.000000,0.173,2ae6846bb18c0ee1
eval-m2-n100,2,100,3000,lpt_ls,,2474,2474,0.000000,0.091,6bc32fd6bf7c56ae
eval-m2-n100,2,100,3000,rol,4,2474,2474,0.000000,0.249,6bc32fd6bf7c56ae
eval-m2-n100,2,100,3001,lpt,,2515,2515,0.000000,0.042,b227177ff2083b3c
eval-m2-n100,2,100,3001,multifit,,2515,2515,0.000000,0.177,240ae654c1fa05c9
eval-m2-n100,2,100,3001,lpt_ls,,2515,2515,0.000000,0.138,b227177ff2083b3c
eval-m2-n100,2,100,3001,rol,4,2515,2515,0.000000,0.222,b227177ff2083b3c
eval-m2-n100,2,100,3002,lpt,,2253,2253,0.000000,0.054,ecd30faa0e93e1a7
eval-m2-n100,2,100,3002,multifit,,2253,2253,0.000000,0.177,0abb528912a22ba2
eval-m2-n100,2,100,3002,lpt_ls,,2253,2253,0.000000,0.099,ecd30faa0e93e1a7
eval-m2-n100,2,100,3002,rol,4,2253,2253,0.000000,0.209,ecd30faa0e93e1a7
eval-m2-n100,2,100,3003,lpt,,2520,2520,0.000000,0.038,b748ca6e292db897
eval-m2-n100,2,100,3003,multifit,,2520,2520,0.000000,0.174,9b6f56403b8756ca
eval-m2-n100,2,100,3003,lpt_ls,,2520,2520,0.000000,0.078,b748ca6e292db897
eval-m2-n100,2,100,3003,rol,4,2520,2520,0.000000,0.221,b748ca6e292db897
eval-m2-n100,2,100,3004,lpt,,2790,2790,0.000000,0.037,444e95a3679ac9a6
eval-m2-n100,2,100,3004,multifit,,2790,2790,0.000000,0.170,c51b1e512ab31cbe
eval-m2-n100,2,100,3004,lpt_ls,,2790,2790,0.000000,0.097,444e95a3679ac9a6
eval-m2-n100,2,100,3004,rol,4,2790,2790,0.000000,0.226,444e95a3679ac9a6
eval-m2-n100,2,100,3005,lpt,,2607,2607,0.000000,0.036,455270d0dea0e864
eval-m2-n100,2,100,3005,multifit,,2607,2607,0.000000,0.170,b5e28e4668d06f31
eval-m2-n100,2,100,3005,lpt_ls,,2607,2607,0.000000,0.073,455270d0dea0e864
eval-m2-n100,2,100,3005,rol,4,2607,2607,0.000000,0.191,455270d0dea0e864
eval-m2-n100,2,100,3006,lpt,,2568,2568,0.000000,0.036,326a8563de9aa5f1
eval-m2-n100,2,100,3006,multifit,,2568,2568,0.000000,0.168,18e689ee50785303
eval-m2-n100,2,100,3006,lpt_ls,,2568,2568,0.000000,0.091,326a8563de9aa5f1
eval-m2-n100,2,100,3006,rol,4,2568,2568,0.000000,0.209,326a8563de9aa5f1
eval-m2-n100,2,100,3007,lpt,,2156,2156,0.000000,0.037,ba5d4edc62ce77ea
eval-m2-n100,2,100,3007,multifit,,2156,2156,0.000000,0.172,097298cae54beea3
eval-m2-n100,2,100,3007,lpt_ls,,2156,2156,0.000000,0.097,ba5d4edc62ce77ea
eval-m2-n100,2,100,3007,rol,4,2156,2156,0.000000,0.203,ba5d4edc62ce77ea
eval-m2-n100,2,100,3008,lpt,,2496,2496,0.000000,0.037,8131c8aabfb833e2
eval-m2-n100,2,100,3008,multifit,,2496,2496,0.000000,0.174,f23894d9bbcb3851
eval-m2-n100,2,100,3008,lpt_ls,,2496,2496,0.000000,0.074,8131c8aabfb833e2
eval-m2-n100,2,100,3008,rol,4,2496,2496,0.000000,0.222,8131c8aabfb833e2
eval-m2-n100,2,100,3009,lpt,,2598,2598,0.000000,0.038,3c195befeb96c4fb
eval-m2-n100,2,100,3009,multifit,,2598,2598,0.000000,0.170,d33f4ad51f558ddf
eval-m2-n100,2,100,3009,lpt_ls,,2598,2598,0.000000,0.080,3c195befeb96c4fb
eval-m2-n100,2,100,3009,rol,4,2598,2598,0.000000,0.201,3c195befeb96c4fb
eval-m2-n100,2,100,3010,lpt,,2764,2763,0.036193,0.036,c158ad5472371965
eval-m2-n100,2,100,3010,multifit,,2763,2763,0.000000,0.176,7e06b3eda3f58a32
eval-m2-n100,2,100,3010,lpt_ls,,2763,2763,0.000000,0.135,19722c9ea4a4bb1f
eval-m2-n100,2,100,3010,rol,4,2764,2763,0.036193,0.218,c158ad5472371965
eval-m2-n100,2,100,3011,lpt,,2412,2411,0.041477,0.036,e06b6da1b50a98b3
eval-m2-n100,2,100,3011,multifit,,2411,2411,0.000000,0.167,fdc43899e95c3558
eval-m2-n100,2,100,3011,lpt_ls,,2411,2411,0.000000,0.121,a458b950838854c0
eval-m2-n100,2,100,3011,rol,4,2412,2411,0.041477,0.237,e06b6da1b50a98b3
eval-m2-n100,2,100,3012,lpt,,2482,2482,0.000000,0.037,0dc52dd92f743a4f
eval-m2-n100,2,100,3012,multifit,,2482,2482,0.000000,0.172,9f7185cac3df1a33
eval-m2-n100,2,100,3012,lpt_ls,,2482,2482,0.000000,0.096,0dc52dd92f743a4f
eval-m2-n100,2,100,3012,rol,4,2482,2482,0.000000,0.209,0dc52dd92f743a4f
eval-m2-n100,2,100,3013,lpt,,2375,2375,0.000000,0.036,1491c4d20b6ac61f
eval-m2-n100,2,100,3013,multifit,,2375,2375,0.000000,0.169,052fd64e61fdf677
eval-m2-n100,2,100,3013,lpt_ls,,2375,2375,0.000000,0.073,1491c4d20b6ac61f
eval-m2-n100,2,100,3013,rol,4,2375,2375,0.000000,0.216,1491c4d20b6ac61f
eval-m2-n100,2,100,3014,lpt,,2360,2360,0.000000,0.036,eb8d08aa0eb7e3cc
eval-m2-n100,2,100,3014,multifit,,2360,2360,0.000000,0.173,9a3e38ce652ea0f6
eval-m2-n100,2,100,3014,lpt_ls,,2360,2360,0.000000,0.094,eb8d08aa0eb7e3cc
eval-m2-n100,2,100,3014,rol,4,2360,2360,0.000000,0.198,eb8d08aa0eb7e3cc
eval-m2-n100,2,100,3015,lpt,,2422,2422,0.000000,0.037,6cef0bc30953fcdd
eval-m2-n100,2,100,3015,multifit,,2422,2422,0.000000,0.169,dbb4d260b7d0a6ea
eval-m2-n100,2,100,3015,lpt_ls,,2422,2422,0.000000,0.076,6cef0bc30953fcdd
eval-m2-n100,2,100,3015,rol,4,2422,2422,0.000000,0.230,6cef0bc30953fcdd
eval-m2-n100,2,100,3016,lpt,,2340,2340,0.000000,0.036,6822e529cc42ce87
eval-m2-n100,2,100,3016,multifit,,2340,2340,0.000000,0.175,beb143afe0990838
eval-m2-n100,2,100,3016,lpt_ls,,2340,2340,0.000000,0.074,6822e529cc42ce87
eval-m2-n100,2,100,3016,rol,4,2340,2340,0.000000,0.222,6822e529cc42ce87
eval-m2-n100,2,100,3017,lpt,,2579,2579,0.000000,0.039,9aae3a724988fb4c
eval-m2-n100,2,100,3017,multifit,,2579,2579,0.000000,0.171,b33582a4cb4c6b59
eval-m2-n100,2,100,3017,lpt_ls,,2579,2579,0.000000,0.074,9aae3a724988fb4c
eval-m2-n100,2,100,3017,rol,4,2579,2579,0.000000,0.230,9aae3a724988fb4c
eval-m2-n100,2,100,3018,lpt,,2640,2640,0.000000,0.037,9473787e90ff878d
eval-m2-n100,2,100,3018,multifit,,2640,2640,0.000000,0.174,fefa9e3d0d2ab0f6
eval-m2-n100,2,100,3018,lpt_ls,,2640,2640,0.000000,0.075,9473787e90ff878d
eval-m2-n100,2,100,3018,rol,4,2640,2640,0.000000,0.229,9473787e90ff878d
eval-m2-n100,2,100,3019,lpt,,2551,2551,0.000000,0.036,a55ad91ca890fee1
eval-m2-n100,2,100,3019,multifit,,2552,2551,0.039200,0.168,e49cd3e6f6f79fb1
eval-m2-n100,2,100,3019,lpt_ls,,2551,2551,0.000000,0.093,a55ad91ca890fee1
eval-m2-n100,2,100,3019,rol,4,2551,2551,0.000000,0.231,a55ad91ca890fee1
eval-m2-n100,2,100,3020,lpt,,2332,2332,0.000000,0.035,82f0f07fe6d23c91
eval-m2-n100,2,100,3020,multifit,,2332,2332,0.000000,0.170,e5f87251657a9071
eval-m2-n100,2,100,3020,lpt_ls,,2332,2332,0.000000,0.092,82f0f07fe6d23c91
eval-m2-n100,2,100,3020,rol,4,2332,2332,0.000000,0.215,82f0f07fe6d23c91
eval-m2-n100,2,100,3021,lpt,,2559,2559,0.000000,0.037,5644121dc73bb298
eval-m2-n100,2,100,3021,multifit,,2559,2559,0.000000,0.171,a70c4247cff92bf6
eval-m2-n100,2,100,3021,lpt_ls,,2559,2559,0.000000,0.077,5644121dc73bb298
eval-m2-n100,2,100,3021,rol,4,2559,2559,0.000000,0.213,5644121dc73bb298
eval-m2-n100,2,100,3022,lpt,,2702,2702,0.000000,0.037,884981bf4ba5aea1
eval-m2-n100,2,100,3022,multifit,,2702,2702,0.000000,0.176,84ab31a88facda3e
eval-m2-n100,2,100,3022,lpt_ls,,2702,2702,0.000000,0.106,884981bf4ba5aea1
eval-m2-n100,2,100,3022,rol,4,2702,2702,0.000000,0.218,884981bf4ba5aea1
eval-m2-n100,2,100,3023,lpt,,2565,2565,0.000000,0.038,7d853bc1b6ef1b30
eval-m2-n100,2,100,3023,multifit,,2566,2565,0.038986,0.178,2c800b7ade33c5e2
eval-m2-n100,2,100,3023,lpt_ls,,2565,2565,0.000000,0.100,7d853bc1b6ef1b30
eval-m2-n100,2,100,3023,rol,4,2565,2565,0.000000,0.211,7d853bc1b6ef1b30
eval-m2-n100,2,100,3024,lpt,,2200,2200,0.000000,0.055,816e4855159cde88
eval-m2-n100,2,100,3024,multifit,,2200,2200,0.000000,0.186,5650f4e8af6c3c9a
eval-m2-n100,2,100,3024,lpt_ls,,2200,2200,0.000000,0.082,816e4855159cde88
eval-m2-n100,2,100,3024,rol,4,2200,2200,0.000000,0.235,816e4855159cde88
eval-m2-n100,2,100,3025,lpt,,2347,2347,0.000000,0.040,d332e335e2fa6c9b
eval-m2-n100,2,100,3025,multifit,,2347,2347,0.000000,0.173,28fed11e739c320a
eval-m2-n100,2,100,3025,lpt_ls,,2347,2347,0.000000,0.101,d332e335e2fa6c9b
eval-m2-n100,2,100,3025,rol,4,2347,2347,0.000000,0.237,d332e335e2fa6c9b
eval-m2-n100,2,100,3026,lpt,,2656,2656,0.000000,0.036,024260f6104214e4
eval-m2-n100,2,100,3026,multifit,,2656,2656,0.000000,0.173,6cae03b93400fbb2
eval-m2-n100,2,100,3026,lpt_ls,,2656,2656,0.000000,0.097,024260f6104214e4
eval-m2-n100,2,100,3026,rol,4,2656,2656,0.000000,0.217,024260f6104214e4
eval-m2-n100,2,100,3027,lpt,,2428,2428,0.000000,0.037,57307c835affb99e
eval-m2-n100,2,100,3027,multifit,,2428,2428,0.000000,0.176,0fdb2d5f4df7dd57
eval-m2-n100,2,100,3027,lpt_ls,,2428,2428,0.000000,0.096,57307c835affb99e
eval-m2-n100,2,100,3027,rol,4,2428,2428,0.000000,0.199,57307c835affb99e
eval-m2-n100,2,100,3028,lpt,,2430,2430,0.000000,0.037,a23a5d3227af2ac3
eval-m2-n100,2,100,3028,multifit,,2431,2430,0.041152,0.170,b38ed82cedac835c
eval-m2-n100,2,100,3028,lpt_ls,,2430,2430,0.000000,0.075,a23a5d3227af2ac3
eval-m2-n100,2,100,3028,rol,4,2430,2430,0.000000,0.226,a23a5d3227af2ac3
eval-m2-n100,2,100,3029,lpt,,2633,2633,0.000000,0.036,6248e55070765e35
eval-m2-n100,2,100,3029,multifit,,2633,2633,0.000000,0.171,9121df10de2d284a
eval-m2-n100,2,100,3029,lpt_ls,,2633,2633,0.000000,0.073,6248e55070765e35
eval-m2-n100,2,100,3029,rol,4,2633,2633,0.000000,0.209,6248e55070765e35
eval-m2-n200,2,200,3000,lpt,,4976,4976,0.000000,0.067,036dbaccd6f48b0c
eval-m2-n200,2,200,3000,multifit,,4976,4976,0.000000,0.356,49f0d37cd8adb7a7
eval-m2-n200,2,200,3000,lpt_ls,,4976,4976,0.000000,0.289,036dbaccd6f48b0c
eval-m2-n200,2,200,3000,rol,4,4976,4976,0.000000,0.451,036dbaccd6f48b0c
eval-m2-n200,2,200,3001,lpt,,5159,5159,0.000000,0.067,5f19b98bc2ce54c0
eval-m2-n200,2,200,3001,multifit,,5159,5159,0.000000,0.364,87674da0774e709f
eval-m2-n200,2,200,3001,lpt_ls,,5159,5159,0.000000,0.136,5f19b98bc2ce54c0
eval-m2-n200,2,200,3001,rol,4,5159,5159,0.000000,0.419,5f19b98bc2ce54c0
eval-m2-n200,2,200,3002,lpt,,4767,4767,0.000000,0.065,a409e66e950c7165
eval-m2-n200,2,200,3002,multifit,,4767,4767,0.000000,0.353,33ead989f226722a
eval-m2-n200,2,200,3002,lpt_ls,,4767,4767,0.000000,0.174,a409e66e950c7165
eval-m2-n200,2,200,3002,rol,4,4767,4767,0.000000,0.434,a409e66e950c7165
eval-m2-n200,2,200,3003,lpt,,5257,5257,0.000000,0.071,36b095517d478e0e
eval-m2-n200,2,200,3003,multifit,,5257,5257,0.000000,0.356,9f034b3cbed68e58
eval-m2-n200,2,200,3003,lpt_ls,,5257,5257,0.000000,0.167,36b095517d478e0e
eval-m2-n200,2,200,3003,rol,4,5257,5257,0.000000,0.375,36b095517d478e0e
eval-m2-n200,2,200,3004,lpt,,5334,5334,0.000000,0.067,7afb10c4cafbbfc7
eval-m2-n200,2,200,3004,multifit,,5334,5334,0.000000,0.348,f15f8328a22db662
eval-m2-n200,2,200,3004,lpt_ls,,5334,5334,0.000000,0.131,7afb10c4cafbbfc7
eval-m2-n200,2,200,3004,rol,4,5334,5334,0.000000,0.396,7afb10c4cafbbfc7
eval-m2-n200,2,200,3005,lpt,,5044,5044,0.000000,0.068,7feed9b442ca4830
eval-m2-n200,2,200,3005,multifit,,5044,5044,0.000000,0.358,f3c78946c7402812
eval-m2-n200,2,200,3005,lpt_ls,,5044,5044,0.000000,0.174,7feed9b442ca4830
eval-m2-n200,2,200,3005,rol,4,5044,5044,0.000000,0.370,7feed9b442ca4830
eval-m2-n200,2,200,3006,lpt,,5239,5239,0.000000,0.065,8b75d15b2a3e5fba
eval-m2-n200,2,200,3006,multifit,,5239,5239,0.000000,0.358,627a156de5b5bcf5
eval-m2-n200,2,200,3006,lpt_ls,,5239,5239,0.000000,0.130,8b75d15b2a3e5fba
eval-m2-n200,2,200,3006,rol,4,5239,5239,0.000000,0.417,8b75d15b2a3e5fba
eval-m2-n200,2,200,3007,lpt,,4886,4886,0.000000,0.066,441d32dbbff514d1
eval-m2-n200,2,200,3007,multifit,,4886,4886,0.000000,0.360,5e0eb65249072328
eval-m2-n200,2,200,3007,lpt_ls,,4886,4886,0.000000,0.171,441d32dbbff514d1
eval-m2-n200,2,200,3007,rol,4,4886,4886,0.000000,0.407,441d32dbbff514d1
eval-m2-n200,2,200,3008,lpt,,4855,4855,0.000000,0.068,c6ec8075c6355e70
eval-m2-n200,2,200,3008,multifit,,4855,4855,0.000000,0.363,a476006ddc33cad3
eval-m2-n200,2,200,3008,lpt_ls,,4855,4855,0.000000,0.145,c6ec8075c6355e70
eval-m2-n200,2,200,3008,rol,4,4855,4855,0.000000,0.434,c6ec8075c6355e70
eval-m2-n200,2,200,3009,lpt,,5302,5302,0.000000,0.067,e85568184df0a355
eval-m2-n200,2,200,3009,multifit,,5302,5302,0.000000,0.351,be1ae073ef6ea8cd
eval-m2-n200,2,200,3009,lpt_ls,,5302,5302,0.000000,0.142,e85568184df0a355
eval-m2-n200,2,200,3009,rol,4,5302,5302,0.000000,0.401,e85568184df0a355
eval-m2-n200,2,200,3010,lpt,,5631,5631,0.000000,0.067,a2afbb464cf7c33e
eval-m2-n200,2,200,3010,multifit,,5631,5631,0.000000,0.365,0efdfcc3a2ca61b1
eval-m2-n200,2,200,3010,lpt_ls,,5631,5631,0.000000,0.177,a2afbb464cf7c33e
eval-m2-n200,2,200,3010,rol,4,5631,5631,0.000000,0.453,a2afbb464cf7c33e
eval-m2-n200,2,200,3011,lpt,,4919,4919,0.000000,0.067,4e57c4db791fab87
eval-m2-n200,2,200,3011,multifit,,4919,4919,0.000000,0.351,7f7f733c1c44a381
eval-m2-n200,2,200,3011,lpt_ls,,4919,4919,0.000000,0.181,4e57c4db791fab87
eval-m2-n200,2,200,3011,rol,4,4919,4919,0.000000,0.411,4e57c4db791fab87
eval-m2-n200,2,200,3012,lpt,,5027,5027,0.000000,0.069,2b642e604b92cf87
eval-m2-n200,2,200,3012,multifit,,5027,5027,0.000000,0.371,402501ad35c9ea87
eval-m2-n200,2,200,3012,lpt_ls,,5027,5027,0.000000,0.136,2b642e604b92cf87
eval-m2-n200,2,200,3012,rol,4,5027,5027,0.000000,0.399,2b642e604b92cf87
eval-m2-n200,2,200,3013,lpt,,4656,4656,0.000000,0.065,4379b4ed5928e237
eval-m2-n200,2,200,3013,multifit,,4656,4656,0.000000,0.363,8ccde33fcef4a1bc
eval-m2-n200,2,200,3013,lpt_ls,,4656,4656,0.000000,0.174,4379b4ed5928e237
eval-m2-n200,2,200,3013,rol,4,4656,4656,0.000000,0.411,4379b4ed5928e237
eval-m2-n200,2,200,3014,lpt,,4775,4775,0.000000,0.068,047e0d37380a118d
eval-m2-n200,2,200,3014,multifit,,4775,4775,0.000000,0.365,74fb23ddf4824f81
eval-m2-n200,2,200,3014,lpt_ls,,4775,4775,0.000000,0.135,047e0d37380a118d
eval-m2-n200,2,200,3014,rol,4,4775,4775,0.000000,0.424,047e0d37380a118d
eval-m2-n200,2,200,3015,lpt,,4768,4768,0.000000,0.068,e494c90b51ae63f1
eval-m2-n200,2,200,3015,multifit,,4768,4768,0.000000,0.347,d193c45c910b57fc
eval-m2-n200,2,200,3015,lpt_ls,,4768,4768,0.000000,0.169,e494c90b51ae63f1
eval-m2-n200,2,200,3015,rol,4,4768,4768,0.000000,0.435,e494c90b51ae63f1
eval-m2-n200,2,200,3016,lpt,,4995,4995,0.000000,0.066,bec36410c68779af
eval-m2-n200,2,200,3016,multifit,,4995,4995,0.000000,0.348,5368e98bc80f5585
eval-m2-n200,2,200,3016,lpt_ls,,4995,4995,0.000000,0.131,bec36410c68779af
eval-m2-n200,2,200,3016,rol,4,4995,4995,0.000000,0.430,bec36410c68779af
eval-m2-n200,2,200,3017,lpt,,4965,4965,0.000000,0.065,4fcd2b38c8e097a0
eval-m2-n200,2,200,3017,multifit,,4965,4965,0.000000,0.352,5bb2fda663747ddc
eval-m2-n200,2,200,3017,lpt_ls,,4965,4965,0.000000,0.132,4fcd2b38c8e097a0
eval-m2-n200,2,200,3017,rol,4,4965,4965,0.000000,0.460,4fcd2b38c8e097a0
eval-m2-n200,2,200,3018,lpt,,5083,5083,0.000000,0.066,08cce15da71cd0f7
eval-m2-n200,2,200,3018,multifit,,5083,5083,0.000000,0.360,23e49410aa865c25
eval-m2-n200,2,200,3018,lpt_ls,,5083,5083,0.000000,0.169,08cce15da71cd0f7
eval-m2-n200,2,200,3018,rol,4,5083,5083,0.000000,0.421,08cce15da71cd0f7
eval-m2-n200,2,200,3019,lpt,,5127,5127,0.000000,0.066,6c1c3d9ff0ff1dde
eval-m2-n200,2,200,3019,multifit,,5127,5127,0.000000,0.353,f399de7a579276e6
eval-m2-n200,2,200,3019,lpt_ls,,5127,5127,0.000000,0.132,6c1c3d9ff0ff1dde
eval-m2-n200,2,200,3019,rol,4,5127,5127,0.000000,0.421,6c1c3d9ff0ff1dde
eval-m2-n200,2,200,3020,lpt,,4749,4749,0.000000,0.066,bcffaf5a44f8023b
eval-m2-n200,2,200,3020,multifit,,4749,4749,0.000000,0.364,b8ae1699107070ac
eval-m2-n200,2,200,3020,lpt_ls,,4749,4749,0.000000,0.134,bcffaf5a44f8023b
eval-m2-n200,2,200,3020,rol,4,4749,4749,0.000000,0.464,bcffaf5a44f8023b
eval-m2-n200,2,200,3021,lpt,,5012,5012,0.000000,0.066,7d84b93c23d1b6f5
eval-m2-n200,2,200,3021,multifit,,5013,5012,0.019952,0.358,f282bf707b620d17
eval-m2-n200,2,200,3021,lpt_ls,,5012,5012,0.000000,0.180,7d84b93c23d1b6f5
eval-m2-n200,2,200,3021,rol,4,5012,5012,0.000000,0.408,7d84b93c23d1b6f5
eval-m2-n200,2,200,3022,lpt,,5152,5152,0.000000,0.068,d7f37a2d124d98d6
eval-m2-n200,2,200,3022,multifit,,5152,5152,0.000000,0.364,699f4c3674641f95
eval-m2-n200,2,200,3022,lpt_ls,,5152,5152,0.000000,0.136,d7f37a2d124d98d6
eval-m2-n200,2,200,3022,rol,4,5152,5152,0.000000,0.404,d7f37a2d124d98d6
eval-m2-n200,2,200,3023,lpt,,4969,4969,0.000000,0.073,665b1bb82a6dc434
eval-m2-n200,2,200,3023,multifit,,4969,4969,0.000000,0.354,3a85e93bb134157d
eval-m2-n200,2,200,3023,lpt_ls,,4969,4969,0.000000,0.139,665b1bb82a6dc434
eval-m2-n200,2,200,3023,rol,4,4969,4969,0.000000,0.423,665b1bb82a6dc434
eval-m2-n200,2,200,3024,lpt,,4708,4708,0.000000,0.068,e527835dc66cafdb
eval-m2-n200,2,200,3024,multifit,,4708,4708,0.000000,0.353,993af462d80b5cb9
eval-m2-n200,2,200,3024,lpt_ls,,4708,4708,0.000000,0.133,e527835dc66cafdb
eval-m2-n200,2,200,3024,rol,4,4708,4708,0.000000,0.430,e527835dc66cafdb
eval-m2-n200,2,200,3025,lpt,,4573,4573,0.000000,0.071,4ef9abe4fd79594c
eval-m2-n200,2,200,3025,multifit,,4573,4573,0.000000,0.380,5bd275d64bd08d56
eval-m2-n200,2,200,3025,lpt_ls,,4573,4573,0.000000,0.181,4ef9abe4fd79594c
eval-m2-n200,2,200,3025,rol,4,4573,4573,0.000000,0.394,4ef9abe4fd79594c
eval-m2-n200,2,200,3026,lpt,,5080,5080,0.000000,0.065,058c1796deacf4af
eval-m2-n200,2,200,3026,multifit,,5080,5080,0.000000,0.358,8a1a3e1203f2a1e1
eval-m2-n200,2,200,3026,lpt_ls,,5080,5080,0.000000,0.135,058c1796deacf4af
eval-m2-n200,2,200,3026,rol,4,5080,5080,0.000000,0.393,058c1796deacf4af
eval-m2-n200,2,200,3027,lpt,,5245,5245,0.000000,0.065,91c95468ad1c5dcd
eval-m2-n200,2,200,3027,multifit,,5245,5245,0.000000,0.349,64986a26ece06354
eval-m2-n200,2,200,3027,lpt_ls,,5245,5245,0.000000,0.130,91c95468ad1c5dcd
eval-m2-n200,2,200,3027,rol,4,5245,5245,0.000000,0.370,91c95468ad1c5dcd
eval-m2-n200,2,200,3028,lpt,,4981,4981,0.000000,0.066,9103ed4bae862ba2
eval-m2-n200,2,200,3028,multifit,,4981,4981,0.000000,0.354,1ad1836b772c2883
eval-m2-n200,2,200,3028,lpt_ls,,4981,4981,0.000000,0.134,9103ed4bae862ba2
eval-m2-n200,2,200,3028,rol,4,4981,4981,0.000000,0.434,9103ed4bae862ba2
eval-m2-n200,2,200,3029,lpt,,5011,5011,0.000000,0.064,d3fd357ab5b5bd5f
eval-m2-n200,2,200,3029,multifit,,5011,5011,0.000000,0.353,a19c5fcced5edf08
eval-m2-n200,2,200,3029,lpt_ls,,5011,5011,0.000000,0.172,d3fd357ab5b5bd5f
eval-m2-n200,2,200,3029,rol,4,5011,5011,0.000000,0.411,d3fd357ab5b5bd5f
eval-m2-n500,2,500,3000,lpt,,12421,12421,0.000000,0.161,175e7eb1fa1cc6ad
eval-m2-n500,2,500,3000,multifit,,12421,12421,0.000000,0.938,64014ab22b568f05
eval-m2-n500,2,500,3000,lpt_ls,,12421,12421,0.000000,0.827,175e7eb1fa1cc6ad
eval-m2-n500,2,500,3000,rol,4,12421,12421,0.000000,1.051,175e7eb1fa1cc6ad
eval-m2-n500,2,500,3001,lpt,,11938,11938,0.000000,0.165,e2682a237aabd281
eval-m2-n500,2,500,3001,multifit,,11938,11938,0.000000,0.940,dcad1d75203a38d0
eval-m2-n500,2,500,3001,lpt_ls,,11938,11938,0.000000,0.833,e2682a237aabd281
eval-m2-n500,2,500,3001,rol,4,11938,11938,0.000000,0.981,e2682a237aabd281
eval-m2-n500,2,500,3002,lpt,,12494,12494,0.000000,0.162,3ae496bc478d5c0c
eval-m2-n500,2,500,3002,multifit,,12494,12494,0.000000,0.934,0dc5c05a9ed8ceda
eval-m2-n500,2,500,3002,lpt_ls,,12494,12494,0.000000,1.041,3ae496bc478d5c0c
eval-m2-n500,2,500,3002,rol,4,12494,12494,0.000000,1.074,3ae496bc478d5c0c
eval-m2-n500,2,500,3003,lpt,,12716,12716,0.000000,0.159,76f78ba27afd9dc1
eval-m2-n500,2,500,3003,multifit,,12716,12716,0.000000,0.932,6661789822f1818e
eval-m2-n500,2,500,3003,lpt_ls,,12716,12716,0.000000,0.838,76f78ba27afd9dc1
eval-m2-n500,2,500,3003,rol,4,12716,12716,0.000000,0.906,76f78ba27afd9dc1
eval-m2-n500,2,500,3004,lpt,,12728,12728,0.000000,0.158,0ff3c2076df113d3
eval-m2-n500,2,500,3004,multifit,,12728,12728,0.000000,0.938,7cf04ef7a7ea6fc1
eval-m2-n500,2,500,3004,lpt_ls,,12728,12728,0.000000,1.373,0ff3c2076df113d3
eval-m2-n500,2,500,3004,rol,4,12728,12728,0.000000,0.941,0ff3c2076df113d3
eval-m2-n500,2,500,3005,lpt,,12302,12302,0.000000,0.159,266ec0ce9770622d
eval-m2-n500,2,500,3005,multifit,,12302,12302,0.000000,0.942,bfc7eaddc5a1b814
eval-m2-n500,2,500,3005,lpt_ls,,12302,12302,0.000000,1.056,266ec0ce9770622d
eval-m2-n500,2,500,3005,rol,4,12302,12302,0.000000,1.006,266ec0ce9770622d
eval-m2-n500,2,500,3006,lpt,,12809,12809,0.000000,0.231,2ab53a4e99e2cfba
eval-m2-n500,2,500,3006,multifit,,12809,12809,0.000000,0.973,22ed340a65c92bd1
eval-m2-n500,2,500,3006,lpt_ls,,12809,12809,0.000000,1.626,2ab53a4e99e2cfba
eval-m2-n500,2,500,3006,rol,4,12809,12809,0.000000,1.143,2ab53a4e99e2cfba
eval-m2-n500,2,500,3007,lpt,,12251,12251,0.000000,0.173,4fd5fcc39e52d8e9
eval-m2-n500,2,500,3007,multifit,,12251,12251,0.000000,0.955,93c72f7ebe97b48f
eval-m2-n500,2,500,3007,lpt_ls,,12251,12251,0.000000,0.876,4fd5fcc39e52d8e9
eval-m2-n500,2,500,3007,rol,4,12251,12251,0.000000,1.059,4fd5fcc39e52d8e9
eval-m2-n500,2,500,3008,lpt,,12041,12041,0.000000,0.161,a6b45188bcd98228
eval-m2-n500,2,500,3008,multifit,,12041,12041,0.000000,0.924,9cf481dbee3cb936
eval-m2-n500,2,500,3008,lpt_ls,,12041,12041,0.000000,0.875,a6b45188bcd98228
eval-m2-n500,2,500,3008,rol,4,12041,12041,0.000000,0.934,a6b45188bcd98228
eval-m2-n500,2,500,3009,lpt,,13102,13102,0.000000,0.162,66df60b078551adf
eval-m2-n500,2,500,3009,multifit,,13102,13102,0.000000,0.949,15b30ecc2bdf666f
eval-m2-n500,2,500,3009,lpt_ls,,13102,13102,0.000000,1.002,66df60b078551adf
eval-m2-n500,2,500,3009,rol,4,13102,13102,0.000000,0.891,66df60b078551adf
eval-m2-n500,2,500,3010,lpt,,12376,12376,0.000000,0.161,058fc64e88ff7b99
eval-m2-n500,2,500,3010,multifit,,12376,12376,0.000000,0.967,26a8f01ba7fd58c8
eval-m2-n500,2,500,3010,lpt_ls,,12376,12376,0.000000,1.440,058fc64e88ff7b99
eval-m2-n500,2,500,3010,rol,4,12376,12376,0.000000,0.910,058fc64e88ff7b99
eval-m2-n500,2,500,3011,lpt,,11978,11978,0.000000,0.162,a2a6975cebdb79ae
eval-m2-n500,2,500,3011,multifit,,11978,11978,0.000000,1.112,5b7a904d6c34df15
eval-m2-n500,2,500,3011,lpt_ls,,11978,11978,0.000000,1.105,a2a6975cebdb79ae
eval-m2-n500,2,500,3011,rol,4,11978,11978,0.000000,0.993,a2a6975cebdb79ae
eval-m2-n500,2,500,3012,lpt,,12898,12898,0.000000,0.168,721963c758ee5a87
eval-m2-n500,2,500,3012,multifit,,12898,12898,0.000000,1.036,39786cfd709631ad
eval-m2-n500,2,500,3012,lpt_ls,,12898,12898,0.000000,1.039,721963c758ee5a87
eval-m2-n500,2,500,3012,rol,4,12898,12898,0.000000,0.954,721963c758ee5a87
eval-m2-n500,2,500,3013,lpt,,12243,12243,0.000000,0.169,626e6842b06ae418
eval-m2-n500,2,500,3013,multifit,,12243,12243,0.000000,0.934,f7ca5a2ddc198232
eval-m2-n500,2,500,3013,lpt_ls,,12243,12243,0.000000,1.327,626e6842b06ae418
eval-m2-n500,2,500,3013,rol,4,12243,12243,0.000000,0.940,626e6842b06ae418
eval-m2-n500,2,500,3014,lpt,,12411,12411,0.000000,0.164,b3e0d4cc7f384285
eval-m2-n500,2,500,3014,multifit,,12411,12411,0.000000,0.938,c9d12cfcb01240f4
eval-m2-n500,2,500,3014,lpt_ls,,12411,12411,0.000000,1.216,b3e0d4cc7f384285
eval-m2-n500,2,500,3014,rol,4,12411,12411,0.000000,0.948,b3e0d4cc7f384285
eval-m2-n500,2,500,3015,lpt,,12162,12162,0.000000,0.164,bd5ea46e31259136
eval-m2-n500,2,500,3015,multifit,,12162,12162,0.000000,0.944,c084fa51c8566390
eval-m2-n500,2,500,3015,lpt_ls,,12162,12162,0.000000,1.485,bd5ea46e31259136
eval-m2-n500,2,500,3015,rol,4,12162,12162,0.000000,1.843,bd5ea46e31259136
eval-m2-n500,2,500,3016,lpt,,12526,12526,0.000000,0.259,b9bd8b6a09538e38
eval-m2-n500,2,500,3016,multifit,,12526,12526,0.000000,1.878,bae1e0a6ed9d8035
eval-m2-n500,2,500,3016,lpt_ls,,12526,12526,0.000000,1.305,b9bd8b6a09538e38
eval-m2-n500,2,500,3016,rol,4,12526,12526,0.000000,1.010,b9bd8b6a09538e38
eval-m2-n500,2,500,3017,lpt,,12384,12384,0.000000,0.165,86a60b4908c5c703
eval-m2-n500,2,500,3017,multifit,,12384,12384,0.000000,0.928,f97db02fd751b1fc
eval-m2-n500,2,500,3017,lpt_ls,,12384,12384,0.000000,1.313,86a60b4908c5c703
eval-m2-n500,2,500,3017,rol,4,12384,12384,0.000000,1.145,86a60b4908c5c703
eval-m2-n500,2,500,3018,lpt,,13281,13281,0.000000,0.168,a2f132148b8ffb6c
eval-m2-n500,2,500,3018,multifit,,13281,13281,0.000000,0.960,8f035c280cbcde6f
eval-m2-n500,2,500,3018,lpt_ls,,13281,13281,0.000000,1.265,a2f132148b8ffb6c
eval-m2-n500,2,500,3018,rol,4,13281,13281,0.000000,0.937,a2f132148b8ffb6c
eval-m2-n500,2,500,3019,lpt,,12426,12426,0.000000,0.163,21fe09c8af5eb7b9
eval-m2-n500,2,500,3019,multifit,,12426,12426,0.000000,1.041,50da9968505c5559
eval-m2-n500,2,500,3019,lpt_ls,,12426,12426,0.000000,1.445,21fe09c8af5eb7b9
eval-m2-n500,2,500,3019,rol,4,12426,12426,0.000000,1.003,21fe09c8af5eb7b9
eval-m2-n500,2,500,3020,lpt,,11670,11670,0.000000,0.167,fa8a06a2a129d0d6
eval-m2-n500,2,500,3020,multifit,,11670,11670,0.000000,1.033,99673433551ac79b
eval-m2-n500,2,500,3020,lpt_ls,,11670,11670,0.000000,1.251,fa8a06a2a129d0d6
eval-m2-n500,2,500,3020,rol,4,11670,11670,0.000000,0.985,fa8a06a2a129d0d6
eval-m2-n500,2,500,3021,lpt,,12951,12951,0.000000,0.163,a7e62c6ea9b22eea
eval-m2-n500,2,500,3021,multifit,,12951,12951,0.000000,0.947,d3afd3763057e713
eval-m2-n500,2,500,3021,lpt_ls,,12951,12951,0.000000,0.862,a7e62c6ea9b22eea
eval-m2-n500,2,500,3021,rol,4,12951,12951,0.000000,0.913,a7e62c6ea9b22eea
eval-m2-n500,2,500,3022,lpt,,12571,12571,0.000000,0.162,199f9e7816bc7319
eval-m2-n500,2,500,3022,multifit,,12571,12571,0.000000,0.948,cf2f9ea444c92f1b
eval-m2-n500,2,500,3022,lpt_ls,,12571,12571,0.000000,1.377,199f9e7816bc7319
eval-m2-n500,2,500,3022,rol,4,12571,12571,0.000000,0.943,199f9e7816bc7319
eval-m2-n500,2,500,3023,lpt,,12624,12624,0.000000,0.158,7628a8571c93f019
eval-m2-n500,2,500,3023,multifit,,12624,12624,0.000000,0.928,6e574092e49d0f5e
eval-m2-n500,2,500,3023,lpt_ls,,12624,12624,0.000000,1.011,7628a8571c93f019
eval-m2-n500,2,500,3023,rol,4,12624,12624,0.000000,0.967,7628a8571c93f019
eval-m2-n500,2,500,3024,lpt,,12452,12452,0.000000,0.159,d3dc9cffa011ef39
eval-m2-n500,2,500,3024,multifit,,12452,12452,0.000000,0.934,a8bc30138328c94a
eval-m2-n500,2,500,3024,lpt_ls,,12452,12452,0.000000,1.406,d3dc9cffa011ef39
eval-m2-n500,2,500,3024,rol,4,12452,12452,0.000000,0.935,d3dc9cffa011ef39
eval-m2-n500,2,500,3025,lpt,,12130,12130,0.000000,0.159,7aec4480ad8a71a4
eval-m2-n500,2,500,3025,multifit,,12130,12130,0.000000,0.922,fd78f845c3d70a2e
eval-m2-n500,2,500,3025,lpt_ls,,12130,12130,0.000000,0.871,7aec4480ad8a71a4
eval-m2-n500,2,500,3025,rol,4,12130,12130,0.000000,0.985,7aec4480ad8a71a4
eval-m2-n500,2,500,3026,lpt,,12373,12373,0.000000,0.160,49a9d3b081019f57
eval-m2-n500,2,500,3026,multifit,,12373,12373,0.000000,0.926,552bb559a1af699a
eval-m2-n500,2,500,3026,lpt_ls,,12373,12373,0.000000,1.351,49a9d3b081019f57
eval-m2-n500,2,500,3026,rol,4,12373,12373,0.000000,0.953,49a9d3b081019f57
eval-m2-n500,2,500,3027,lpt,,13349,13349,0.000000,0.170,eaec2988f07e2c7a
eval-m2-n500,2,500,3027,multifit,,13349,13349,0.000000,0.930,17956ea248481279
eval-m2-n500,2,500,3027,lpt_ls,,13349,13349,0.000000,0.802,eaec2988f07e2c7a
eval-m2-n500,2,500,3027,rol,4,13349,13349,0.000000,0.958,eaec2988f07e2c7a
eval-m2-n500,2,500,3028,lpt,,12862,12862,0.000000,0.162,3368a628a33e46d2
eval-m2-n500,2,500,3028,multifit,,12862,12862,0.000000,0.964,78328c0c81884423
eval-m2-n500,2,500,3028,lpt_ls,,12862,12862,0.000000,0.917,3368a628a33e46d2
eval-m2-n500,2,500,3028,rol,4,12862,12862,0.000000,1.048,3368a628a33e46d2
eval-m2-n500,2,500,3029,lpt,,12650,12650,0.000000,0.158,0bb5756ab25db274
eval-m2-n500,2,500,3029,multifit,,12650,12650,0.000000,1.012,45e5159453dade58
eval-m2-n500,2,500,3029,lpt_ls,,12650,12650,0.000000,1.079,0bb5756ab25db274
eval-m2-n500,2,500,3029,rol,4,12650,12650,0.000000,0.900,0bb5756ab25db274
eval-m3-n30,3,30,3000,lpt,,465,464,0.215517,0.019,36d393914555f29f
eval-m3-n30,3,30,3000,multifit,,464,464,0.000000,0.058,8e272c2ae33e0350
eval-m3-n30,3,30,3000,lpt_ls,,464,464,0.000000,0.121,9b6ddd9d16538265
eval-m3-n30,3,30,3000,rol,2,464,464,0.000000,0.086,1edd42390612310f
eval-m3-n30,3,30,3001,lpt,,587,570,2.982456,0.017,e128a9b4754b5a79
eval-m3-n30,3,30,3001,multifit,,575,570,0.877193,0.058,1681727f63fb2021
eval-m3-n30,3,30,3001,lpt_ls,,572,570,0.350877,0.131,9e13be09ae71756f
eval-m3-n30,3,30,3001,rol,2,587,570,2.982456,0.092,e128a9b4754b5a79
eval-m3-n30,3,30,3002,lpt,,479,478,0.209205,0.017,051058cdb9ecf109
eval-m3-n30,3,30,3002,multifit,,479,478,0.209205,0.055,691a99fc57b0bba7
eval-m3-n30,3,30,3002,lpt_ls,,478,478,0.000000,0.120,8e701cc152a41301
eval-m3-n30,3,30,3002,rol,2,479,478,0.209205,0.094,051058cdb9ecf109
eval-m3-n30,3,30,3003,lpt,,507,506,0.197628,0.016,6b9260f63a4a6b89
eval-m3-n30,3,30,3003,multifit,,508,506,0.395257,0.054,916701b95766d035
eval-m3-n30,3,30,3003,lpt_ls,,506,506,0.000000,0.114,f18a874a9069ea65
eval-m3-n30,3,30,3003,rol,2,507,506,0.197628,0.085,6b9260f63a4a6b89
eval-m3-n30,3,30,3004,lpt,,542,536,1.119403,0.016,d8e44321ce31a511
eval-m3-n30,3,30,3004,multifit,,537,536,0.186567,0.061,b7a7d39d080e6417
eval-m3-n30,3,30,3004,lpt_ls,,536,536,0.000000,0.121,e4eb1f39a0be5db1
eval-m3-n30,3,30,3004,rol,2,542,536,1.119403,0.078,d8e44321ce31a511
eval-m3-n30,3,30,3005,lpt,,539,538,0.185874,0.016,aacfbe2ef0a161c1
eval-m3-n30,3,30,3005,multifit,,539,538,0.185874,0.060,feb7e8639fd7f154
eval-m3-n30,3,30,3005,lpt_ls,,538,538,0.000000,0.075,7b7bc2fccf71a76b
eval-m3-n30,3,30,3005,rol,2,539,538,0.185874,0.087,aacfbe2ef0a161c1
eval-m3-n30,3,30,3006,lpt,,473,473,0.000000,0.017,c1709d670640aca4
eval-m3-n30,3,30,3006,multifit,,473,473,0.000000,0.057,040f58aebfbe1793
eval-m3-n30,3,30,3006,lpt_ls,,473,473,0.000000,0.068,c1709d670640aca4
eval-m3-n30,3,30,3006,rol,2,473,473,0.000000,0.090,c1709d670640aca4
eval-m3-n30,3,30,3007,lpt,,454,453,0.220751,0.016,32dfd4184e97dec3
eval-m3-n30,3,30,3007,multifit,,454,453,0.220751,0.055,4d82a25c323f87e2
eval-m3-n30,3,30,3007,lpt_ls,,454,453,0.220751,0.068,32dfd4184e97dec3
eval-m3-n30,3,30,3007,rol,2,453,453,0.000000,0.090,de9ac5e857ab9ace
eval-m3-n30,3,30,3008,lpt,,503,502,0.199203,0.017,425f18d4e0b94f64
eval-m3-n30,3,30,3008,multifit,,503,502,0.199203,0.065,c95b3eb30e13375f
eval-m3-n30,3,30,3008,lpt_ls,,502,502,0.000000,0.121,204f43bddfd080f4
eval-m3-n30,3,30,3008,rol,2,503,502,0.199203,0.078,425f18d4e0b94f64
eval-m3-n30,3,30,3009,lpt,,537,533,0.750469,0.017,1f23ea5e1d7ecd4f
eval-m3-n30,3,30,3009,multifit,,535,533,0.375235,0.056,6b4e9e8edf1e3893
eval-m3-n30,3,30,3009,lpt_ls,,533,533,0.000000,0.118,3ae8170350022cd7
eval-m3-n30,3,30,3009,rol,2,535,533,0.375235,0.087,2152f9ead2f3419b
eval-m3-n30,3,30,3010,lpt,,538,535,0.560748,0.017,87dff8ba46052bf8
eval-m3-n30,3,30,3010,multifit,,535,535,0.000000,0.061,b17c6b96f66c2e15
eval-m3-n30,3,30,3010,lpt_ls,,535,535,0.000000,0.077,fa9e33459d267a30
eval-m3-n30,3,30,3010,rol,2,535,535,0.000000,0.094,e11abfef06227300
eval-m3-n30,3,30,3011,lpt,,510,509,0.196464,0.016,544b30f9a83aa937
eval-m3-n30,3,30,3011,multifit,,509,509,0.000000,0.056,92f179c1ce3f4205
eval-m3-n30,3,30,3011,lpt_ls,,510,509,0.196464,0.071,544b30f9a83aa937
eval-m3-n30,3,30,3011,rol,2,509,509,0.000000,0.088,dddd7d98b73c20d4
eval-m3-n30,3,30,3012,lpt,,474,472,0.423729,0.016,16a44033cafd496b
eval-m3-n30,3,30,3012,multifit,,474,472,0.423729,0.055,72ae3d24b172f778
eval-m3-n30,3,30,3012,lpt_ls,,472,472,0.000000,0.084,a57693ee46f62a00
eval-m3-n30,3,30,3012,rol,2,472,472,0.000000,0.087,37a361fdd1f591c8
eval-m3-n30,3,30,3013,lpt,,464,463,0.215983,0.016,9ae32d8ff0c2c073
eval-m3-n30,3,30,3013,multifit,,464,463,0.215983,0.055,1656bd42fbbc98c2
eval-m3-n30,3,30,3013,lpt_ls,,463,463,0.000000,0.105,419e536dfcd8e0be
eval-m3-n30,3,30,3013,rol,2,463,463,0.000000,0.087,336a8e31e1d8f3e8
eval-m3-n30,3,30,3014,lpt,,409,409,0.000000,0.017,5ff30cb0d48e13ae
eval-m3-n30,3,30,3014,multifit,,409,409,0.000000,0.056,b699321e97f90696
eval-m3-n30,3,30,3014,lpt_ls,,409,409,0.000000,0.068,5ff30cb0d48e13ae
eval-m3-n30,3,30,3014,rol,2,409,409,0.000000,0.091,5ff30cb0d48e13ae
eval-m3-n30,3,30,3015,lpt,,480,479,0.208768,0.017,0bdb225ab1f72a96
eval-m3-n30,3,30,3015,multifit,,480,479,0.208768,0.056,e7627949df935262
eval-m3-n30,3,30,3015,lpt_ls,,479,479,0.000000,0.099,990a86c806ccc97f
eval-m3-n30,3,30,3015,rol,2,479,479,0.000000,0.092,ce6fc6cc55ed4e5e
eval-m3-n30,3,30,3016,lpt,,521,520,0.192308,0.016,e9651852133f333f
eval-m3-n30,3,30,3016,multifit,,520,520,0.000000,0.061,c299cb101322b9e6
eval-m3-n30,3,30,3016,lpt_ls,,521,520,0.192308,0.069,e9651852133f333f
eval-m3-n30,3,30,3016,rol,2,521,520,0.192308,0.090,e9651852133f333f
eval-m3-n30,3,30,3017,lpt,,540,535,0.934579,0.016,dea62b3988210a5d
eval-m3-n30,3,30,3017,multifit,,536,535,0.186916,0.059,c3e22916133acd3b
eval-m3-n30,3,30,3017,lpt_ls,,536,535,0.186916,0.095,66503be46a479816
eval-m3-n30,3,30,3017,rol,2,540,535,0.934579,0.088,dea62b3988210a5d
eval-m3-n30,3,30,3018,lpt,,499,498,0.200803,0.016,043ec724fcbfea64
eval-m3-n30,3,30,3018,multifit,,498,498,0.000000,0.055,282474f92c27c94d
eval-m3-n30,3,30,3018,lpt_ls,,498,498,0.000000,0.079,54dcf284d0c7a836
eval-m3-n30,3,30,3018,rol,2,498,498,0.000000,0.081,ba185519d78760b4
eval-m3-n30,3,30,3019,lpt,,522,519,0.578035,0.016,da4fd231354fdb4e
eval-m3-n30,3,30,3019,multifit,,520,519,0.192678,0.059,405852c0a8096aa8
eval-m3-n30,3,30,3019,lpt_ls,,519,519,0.000000,0.115,983547d623835b0e
eval-m3-n30,3,30,3019,rol,2,522,519,0.578035,0.090,da4fd231354fdb4e
eval-m3-n30,3,30,3020,lpt,,361,360,0.277778,0.016,4da236d2643bcf1b
eval-m3-n30,3,30,3020,multifit,,361,360,0.277778,0.057,2180844f531c1fed
eval-m3-n30,3,30,3020,lpt_ls,,361,360,0.277778,0.049,4da236d2643bcf1b
eval-m3-n30,3,30,3020,rol,2,360,360,0.000000,0.079,3f445000a71d28eb
eval-m3-n30,3,30,3021,lpt,,491,491,0.000000,0.016,5b9bff65e1472c7c
eval-m3-n30,3,30,3021,multifit,,491,491,0.000000,0.056,9ac10593cde030ab
eval-m3-n30,3,30,3021,lpt_ls,,491,491,0.000000,0.090,5b9bff65e1472c7c
eval-m3-n30,3,30,3021,rol,2,491,491,0.000000,0.087,5b9bff65e1472c7c
eval-m3-n30,3,30,3022,lpt,,538,536,0.373134,0.016,1dcdd72c15e15fbe
eval-m3-n30,3,30,3022,multifit,,536,536,0.000000,0.061,989efb76fa244a53
eval-m3-n30,3,30,3022,lpt_ls,,536,536,0.000000,0.127,9be0f41f56e16267
eval-m3-n30,3,30,3022,rol,2,538,536,0.373134,0.090,1dcdd72c15e15fbe
eval-m3-n30,3,30,3023,lpt,,453,452,0.221239,0.016,984bdf1d145d9a17
eval-m3-n30,3,30,3023,multifit,,453,452,0.221239,0.057,da8540f26667ca2c
eval-m3-n30,3,30,3023,lpt_ls,,453,452,0.221239,0.051,984bdf1d145d9a17
eval-m3-n30,3,30,3023,rol,2,453,452,0.221239,0.082,984bdf1d145d9a17
eval-m3-n30,3,30,3024,lpt,,469,468,0.213675,0.016,7b67ef7a358a50b5
eval-m3-n30,3,30,3024,multifit,,469,468,0.213675,0.059,69c74a7bbbbb4c50
eval-m3-n30,3,30,3024,lpt_ls,,468,468,0.000000,0.099,a02c353b545d37ff
eval-m3-n30,3,30,3024,rol,2,469,468,0.213675,0.093,7b67ef7a358a50b5
eval-m3-n30,3,30,3025,lpt,,442,442,0.000000,0.017,ef9be93fbf7e81dc
eval-m3-n30,3,30,3025,multifit,,442,442,0.000000,0.059,ba5e1b4fe1537eed
eval-m3-n30,3,30,3025,lpt_ls,,442,442,0.000000,0.076,ef9be93fbf7e81dc
eval-m3-n30,3,30,3025,rol,2,442,442,0.000000,0.092,ef9be93fbf7e81dc
eval-m3-n30,3,30,3026,lpt,,433,432,0.231481,0.018,07dc6e97a6337f11
eval-m3-n30,3,30,3026,multifit,,435,432,0.694444,0.057,8e8279f41aeee258
eval-m3-n30,3,30,3026,lpt_ls,,433,432,0.231481,0.071,07dc6e97a6337f11
eval-m3-n30,3,30,3026,rol,2,433,432,0.231481,0.093,07dc6e97a6337f11
eval-m3-n30,3,30,3027,lpt,,557,555,0.360360,0.016,9fcb08996ba4486f
eval-m3-n30,3,30,3027,multifit,,556,555,0.180180,0.060,48d40a3a0640f853
eval-m3-n30,3,30,3027,lpt_ls,,556,555,0.180180,0.097,bfe3f9cc2686fe11
eval-m3-n30,3,30,3027,rol,2,556,555,0.180180,0.086,f02daa7a3f801a1b
eval-m3-n30,3,30,3028,lpt,,478,477,0.209644,0.017,7aa33ad910e313d7
eval-m3-n30,3,30,3028,multifit,,479,477,0.419287,0.056,422e014360f443b9
eval-m3-n30,3,30,3028,lpt_ls,,478,477,0.209644,0.069,7aa33ad910e313d7
eval-m3-n30,3,30,3028,rol,2,478,477,0.209644,0.090,7aa33ad910e313d7
eval-m3-n30,3,30,3029,lpt,,457,455,0.439560,0.017,172dd1e834c9dd34
eval-m3-n30,3,30,3029,multifit,,456,455,0.219780,0.059,f8dae7a57db48ae6
eval-m3-n30,3,30,3029,lpt_ls,,456,455,0.219780,0.109,e85bfd1c77cd164f
eval-m3-n30,3,30,3029,rol,2,455,455,0.000000,0.085,4fcf00c21b35372f
eval-m3-n50,3,50,3000,lpt,,778,777,0.128700,0.024,504f58c9f01e6779
eval-m3-n50,3,50,3000,multifit,,778,777,0.128700,0.099,6ec49737de8c9003
eval-m3-n50,3,50,3000,lpt_ls,,777,777,0.000000,0.152,b0c0b8cf25e9f545
eval-m3-n50,3,50,3000,rol,2,778,777,0.128700,0.118,504f58c9f01e6779
eval-m3-n50,3,50,3001,lpt,,906,905,0.110497,0.023,e8eb239b3a4c7b9e
eval-m3-n50,3,50,3001,multifit,,906,905,0.110497,0.094,aa67a8fad8f9d609
eval-m3-n50,3,50,3001,lpt_ls,,905,905,0.000000,0.121,b1109b421f84f11a
eval-m3-n50,3,50,3001,rol,2,906,905,0.110497,0.136,e8eb239b3a4c7b9e
eval-m3-n50,3,50,3002,lpt,,752,751,0.133156,0.023,5d3e0a936c3ae8ec
eval-m3-n50,3,50,3002,multifit,,751,751,0.000000,0.095,63f2495ab9b0405b
eval-m3-n50,3,50,3002,lpt_ls,,751,751,0.000000,0.124,cf3f436ac1a7b8db
eval-m3-n50,3,50,3002,rol,2,751,751,0.000000,0.147,5e839e24f0906979
eval-m3-n50,3,50,3003,lpt,,803,800,0.375000,0.023,5b9c07175f952f32
eval-m3-n50,3,50,3003,multifit,,800,800,0.000000,0.102,e69bacf0a2b5e22d
eval-m3-n50,3,50,3003,lpt_ls,,801,800,0.125000,0.123,a51edac722381f6c
eval-m3-n50,3,50,3003,rol,2,803,800,0.375000,0.119,5b9c07175f952f32
eval-m3-n50,3,50,3004,lpt,,867,865,0.231214,0.023,e2acdfb1d402834a
eval-m3-n50,3,50,3004,multifit,,865,865,0.000000,0.092,806935468a7a874a
eval-m3-n50,3,50,3004,lpt_ls,,865,865,0.000000,0.117,ffbe3c8377cc5ccc
eval-m3-n50,3,50,3004,rol,2,867,865,0.231214,0.117,e2acdfb1d402834a
eval-m3-n50,3,50,3005,lpt,,912,910,0.219780,0.023,07249cb818548e24
eval-m3-n50,3,50,3005,multifit,,911,910,0.109890,0.096,8bb2efd064d73e05
eval-m3-n50,3,50,3005,lpt_ls,,910,910,0.000000,0.174,9ea791bd1c85a846
eval-m3-n50,3,50,3005,rol,2,912,910,0.219780,0.126,07249cb818548e24
eval-m3-n50,3,50,3006,lpt,,825,825,0.000000,0.023,f387bb135f748a19
eval-m3-n50,3,50,3006,multifit,,825,825,0.000000,0.092,d6b198790c091682
eval-m3-n50,3,50,3006,lpt_ls,,825,825,0.000000,0.063,f387bb135f748a19
eval-m3-n50,3,50,3006,rol,2,825,825,0.000000,0.135,f387bb135f748a19
eval-m3-n50,3,50,3007,lpt,,737,736,0.135870,0.023,df99eef15211ac9c
eval-m3-n50,3,50,3007,multifit,,737,736,0.135870,0.101,b60e7023c358bcbb
eval-m3-n50,3,50,3007,lpt_ls,,736,736,0.000000,0.118,e587caffa7734113
eval-m3-n50,3,50,3007,rol,2,737,736,0.135870,0.139,df99eef15211ac9c
eval-m3-n50,3,50,3008,lpt,,808,807,0.123916,0.023,7d26240242d1d249
eval-m3-n50,3,50,3008,multifit,,807,807,0.000000,0.095,84c8dc4426ad3133
eval-m3-n50,3,50,3008,lpt_ls,,807,807,0.000000,0.116,2376f2318b8e7e6b
eval-m3-n50,3,50,3008,rol,2,808,807,0.123916,0.139,7d26240242d1d249
eval-m3-n50,3,50,3009,lpt,,835,834,0.119904,0.024,ab83606e4133ab94
eval-m3-n50,3,50,3009,multifit,,835,834,0.119904,0.095,6bb902b5cf414826
eval-m3-n50,3,50,3009,lpt_ls,,834,834,0.000000,0.120,5682f7ba068d07ec
eval-m3-n50,3,50,3009,rol,2,835,834,0.119904,0.140,ab83606e4133ab94
eval-m3-n50,3,50,3010,lpt,,939,938,0.106610,0.023,62960b1b3b9ba938
eval-m3-n50,3,50,3010,multifit,,939,938,0.106610,0.095,9e1674e67926ee00
eval-m3-n50,3,50,3010,lpt_ls,,938,938,0.000000,0.094,c4bfb82bf76caedc
eval-m3-n50,3,50,3010,rol,2,939,938,0.106610,0.148,62960b1b3b9ba938
eval-m3-n50,3,50,3011,lpt,,866,866,0.000000,0.029,ff3d06f91c7c8e56
eval-m3-n50,3,50,3011,multifit,,866,866,0.000000,0.094,7efff10db139528c
eval-m3-n50,3,50,3011,lpt_ls,,866,866,0.000000,0.062,ff3d06f91c7c8e56
eval-m3-n50,3,50,3011,rol,2,866,866,0.000000,0.112,ff3d06f91c7c8e56
eval-m3-n50,3,50,3012,lpt,,848,848,0.000000,0.024,c245e3e4338de181
eval-m3-n50,3,50,3012,multifit,,848,848,0.000000,0.093,ed203a8b354056e3
eval-m3-n50,3,50,3012,lpt_ls,,848,848,0.000000,0.070,c245e3e4338de181
eval-m3-n50,3,50,3012,rol,2,848,848,0.000000,0.152,c245e3e4338de181
eval-m3-n50,3,50,3013,lpt,,874,871,0.344432,0.024,853a1c68bd461bb3
eval-m3-n50,3,50,3013,multifit,,872,871,0.114811,0.096,73b356df9cfccbb5
eval-m3-n50,3,50,3013,lpt_ls,,871,871,0.000000,0.180,99db46d359148737
eval-m3-n50,3,50,3013,rol,2,874,871,0.344432,0.147,853a1c68bd461bb3
eval-m3-n50,3,50,3014,lpt,,780,780,0.000000,0.023,69f55938e24c14b0
eval-m3-n50,3,50,3014,multifit,,780,780,0.000000,0.091,65f7b662ba73fabe
eval-m3-n50,3,50,3014,lpt_ls,,780,780,0.000000,0.086,69f55938e24c14b0
eval-m3-n50,3,50,3014,rol,2,780,780,0.000000,0.145,69f55938e24c14b0
eval-m3-n50,3,50,3015,lpt,,783,783,0.000000,0.029,ca2fc51248f11384
eval-m3-n50,3,50,3015,multifit,,783,783,0.000000,0.094,84dbe742b37dacd0
eval-m3-n50,3,50,3015,lpt_ls,,783,783,0.000000,0.086,ca2fc51248f11384
eval-m3-n50,3,50,3015,rol,2,783,783,0.000000,0.149,ca2fc51248f11384
eval-m3-n50,3,50,3016,lpt,,827,826,0.121065,0.024,b9defaf54e9a95a4
eval-m3-n50,3,50,3016,multifit,,826,826,0.000000,0.094,b30d86ad7201f639
eval-m3-n50,3,50,3016,lpt_ls,,826,826,0.000000,0.129,64f32df56d34c339
eval-m3-n50,3,50,3016,rol,2,827,826,0.121065,0.148,b9defaf54e9a95a4
eval-m3-n50,3,50,3017,lpt,,822,822,0.000000,0.023,6fa5f35409ff7c0b
eval-m3-n50,3,50,3017,multifit,,822,822,0.000000,0.094,738f8facf7e4fddb
eval-m3-n50,3,50,3017,lpt_ls,,822,822,0.000000,0.085,6fa5f35409ff7c0b
eval-m3-n50,3,50,3017,rol,2,822,822,0.000000,0.112,6fa5f35409ff7c0b
eval-m3-n50,3,50,3018,lpt,,956,955,0.104712,0.022,2fb0b8296e7df80c
eval-m3-n50,3,50,3018,multifit,,956,955,0.104712,0.094,9689641f38148f97
eval-m3-n50,3,50,3018,lpt_ls,,956,955,0.104712,0.084,2fb0b8296e7df80c
eval-m3-n50,3,50,3018,rol,2,956,955,0.104712,0.147,2fb0b8296e7df80c
eval-m3-n50,3,50,3019,lpt,,824,822,0.243309,0.022,7a6a6345e277e926
eval-m3-n50,3,50,3019,multifit,,822,822,0.000000,0.099,49cdc6b0da8052b4
eval-m3-n50,3,50,3019,lpt_ls,,822,822,0.000000,0.146,89b0c55d9182e747
eval-m3-n50,3,50,3019,rol,2,824,822,0.243309,0.144,7a6a6345e277e926
eval-m3-n50,3,50,3020,lpt,,677,676,0.147929,0.023,b6e911ffbd7785d2
eval-m3-n50,3,50,3020,multifit,,676,676,0.000000,0.094,662f723c63f8a78b
eval-m3-n50,3,50,3020,lpt_ls,,676,676,0.000000,0.141,4e3a422ab6bdefca
eval-m3-n50,3,50,3020,rol,2,677,676,0.147929,0.138,b6e911ffbd7785d2
eval-m3-n50,3,50,3021,lpt,,826,826,0.000000,0.023,ade948ff3f46aa27
eval-m3-n50,3,50,3021,multifit,,826,826,0.000000,0.093,7c66af9bfe7730eb
eval-m3-n50,3,50,3021,lpt_ls,,826,826,0.000000,0.083,ade948ff3f46aa27
eval-m3-n50,3,50,3021,rol,2,826,826,0.000000,0.144,ade948ff3f46aa27
eval-m3-n50,3,50,3022,lpt,,843,841,0.237812,0.023,891cb8f99dec9499
eval-m3-n50,3,50,3022,multifit,,842,841,0.118906,0.093,b5a775df199a9550
eval-m3-n50,3,50,3022,lpt_ls,,841,841,0.000000,0.132,a92c3832f3476736
eval-m3-n50,3,50,3022,rol,2,843,841,0.237812,0.152,891cb8f99dec9499
eval-m3-n50,3,50,3023,lpt,,804,803,0.124533,0.030,d030df2d6f8c2332
eval-m3-n50,3,50,3023,multifit,,804,803,0.124533,0.100,b64b4f5745d832c7
eval-m3-n50,3,50,3023,lpt_ls,,803,803,0.000000,0.135,4f817a1c0cd81e07
eval-m3-n50,3,50,3023,rol,2,804,803,0.124533,0.166,d030df2d6f8c2332
eval-m3-n50,3,50,3024,lpt,,763,762,0.131234,0.027,783b303f24c2a88c
eval-m3-n50,3,50,3024,multifit,,763,762,0.131234,0.095,c765d3c2dd00dd30
eval-m3-n50,3,50,3024,lpt_ls,,762,762,0.000000,0.110,f1ae597acb7bfd02
eval-m3-n50,3,50,3024,rol,2,763,762,0.131234,0.142,783b303f24c2a88c
eval-m3-n50,3,50,3025,lpt,,834,834,0.000000,0.024,bc198a11180df711
eval-m3-n50,3,50,3025,multifit,,834,834,0.000000,0.094,5fbf8853b2ccda4b
eval-m3-n50,3,50,3025,lpt_ls,,834,834,0.000000,0.087,bc198a11180df711
eval-m3-n50,3,50,3025,rol,2,834,834,0.000000,0.149,bc198a11180df711
eval-m3-n50,3,50,3026,lpt,,836,834,0.239808,0.023,111a7f9c079856a3
eval-m3-n50,3,50,3026,multifit,,836,834,0.239808,0.094,d8c8a38473f29ccd
eval-m3-n50,3,50,3026,lpt_ls,,834,834,0.000000,0.120,9e2fa9a3744d5c30
eval-m3-n50,3,50,3026,rol,2,836,834,0.239808,0.137,111a7f9c079856a3
eval-m3-n50,3,50,3027,lpt,,914,914,0.000000,0.024,fa2a495670cf69d8
eval-m3-n50,3,50,3027,multifit,,914,914,0.000000,0.093,56acaad5c5541fa0
eval-m3-n50,3,50,3027,lpt_ls,,914,914,0.000000,0.141,fa2a495670cf69d8
eval-m3-n50,3,50,3027,rol,2,914,914,0.000000,0.123,fa2a495670cf69d8
eval-m3-n50,3,50,3028,lpt,,809,805,0.496894,0.030,96edc669b55a3912
eval-m3-n50,3,50,3028,multifit,,805,805,0.000000,0.100,de3dd69f29413fa3
eval-m3-n50,3,50,3028,lpt_ls,,806,805,0.124224,0.180,fb1b25300fa2b963
eval-m3-n50,3,50,3028,rol,2,808,805,0.372671,0.154,6b3b4af554a5d3c9
eval-m3-n50,3,50,3029,lpt,,783,782,0.127877,0.026,095c7ff76fcab8a5
eval-m3-n50,3,50,3029,multifit,,782,782,0.000000,0.098,9f6f407c7befb04a
eval-m3-n50,3,50,3029,lpt_ls,,782,782,0.000000,0.102,2fb4d896ef3b51b4
eval-m3-n50,3,50,3029,rol,2,783,782,0.127877,0.127,095c7ff76fcab8a5
eval-m3-n100,3,100,3000,lpt,,1649,1649,0.000000,0.042,ad61da0cf19a3ab7
eval-m3-n100,3,100,3000,multifit,,1649,1649,0.000000,0.189,6e0b614c029d4cba
eval-m3-n100,3,100,3000,lpt_ls,,1649,1649,0.000000,0.176,ad61da0cf19a3ab7
eval-m3-n100,3,100,3000,rol,2,1649,1649,0.000000,0.270,ad61da0cf19a3ab7
eval-m3-n100,3,100,3001,lpt,,1677,1677,0.000000,0.042,6a853937f08418ff
eval-m3-n100,3,100,3001,multifit,,1677,1677,0.000000,0.190,392b19e4d49dacf2
eval-m3-n100,3,100,3001,lpt_ls,,1677,1677,0.000000,0.125,6a853937f08418ff
eval-m3-n100,3,100,3001,rol,2,1677,1677,0.000000,0.286,6a853937f08418ff
eval-m3-n100,3,100,3002,lpt,,1502,1502,0.000000,0.045,ffb04ffb35946197
eval-m3-n100,3,100,3002,multifit,,1502,1502,0.000000,0.194,d192787be7aa5194
eval-m3-n100,3,100,3002,lpt_ls,,1502,1502,0.000000,0.163,ffb04ffb35946197
eval-m3-n100,3,100,3002,rol,2,1502,1502,0.000000,0.229,ffb04ffb35946197
eval-m3-n100,3,100,3003,lpt,,1681,1680,0.059524,0.043,34c3dd018cb724b7
eval-m3-n100,3,100,3003,multifit,,1680,1680,0.000000,0.203,431b7279df4e020c
eval-m3-n100,3,100,3003,lpt_ls,,1680,1680,0.000000,0.168,7afb25fe4e616bc8
eval-m3-n100,3,100,3003,rol,2,1681,1680,0.059524,0.222,34c3dd018cb724b7
eval-m3-n100,3,100,3004,lpt,,1861,1860,0.053763,0.044,fecc8580f9e89ab8
eval-m3-n100,3,100,3004,multifit,,1860,1860,0.000000,0.198,b9d4f2f5f6dae1f7
eval-m3-n100,3,100,3004,lpt_ls,,1861,1860,0.053763,0.128,fecc8580f9e89ab8
eval-m3-n100,3,100,3004,rol,2,1861,1860,0.053763,0.229,fecc8580f9e89ab8
eval-m3-n100,3,100,3005,lpt,,1739,1738,0.057537,0.040,d7d5cc02fcbb7020
eval-m3-n100,3,100,3005,multifit,,1738,1738,0.000000,0.198,83c0bb52e8ccab45
eval-m3-n100,3,100,3005,lpt_ls,,1738,1738,0.000000,0.165,6e38c816af5a251a
eval-m3-n100,3,100,3005,rol,2,1739,1738,0.057537,0.243,d7d5cc02fcbb7020
eval-m3-n100,3,100,3006,lpt,,1712,1712,0.000000,0.042,f7422a50f621f431
eval-m3-n100,3,100,3006,multifit,,1713,1712,0.058411,0.221,4213ae617600906e
eval-m3-n100,3,100,3006,lpt_ls,,1712,1712,0.000000,0.179,f7422a50f621f431
eval-m3-n100,3,100,3006,rol,2,1712,1712,0.000000,0.290,f7422a50f621f431
eval-m3-n100,3,100,3007,lpt,,1438,1438,0.000000,0.041,5bf139e4a9ea069a
eval-m3-n100,3,100,3007,multifit,,1438,1438,0.000000,0.190,eb103517add1cb9a
eval-m3-n100,3,100,3007,lpt_ls,,1438,1438,0.000000,0.091,5bf139e4a9ea069a
eval-m3-n100,3,100,3007,rol,2,1438,1438,0.000000,0.288,5bf139e4a9ea069a
eval-m3-n100,3,100,3008,lpt,,1665,1664,0.060096,0.040,bea2574e12ba6de3
eval-m3-n100,3,100,3008,multifit,,1664,1664,0.000000,0.197,748b9aa830566f65
eval-m3-n100,3,100,3008,lpt_ls,,1664,1664,0.000000,0.161,3e64f511ca4cf4bd
eval-m3-n100,3,100,3008,rol,2,1665,1664,0.060096,0.275,bea2574e12ba6de3
eval-m3-n100,3,100,3009,lpt,,1732,1732,0.000000,0.038,20baf36ce98c2184
eval-m3-n100,3,100,3009,multifit,,1732,1732,0.000000,0.188,c067b5426d39c3f2
eval-m3-n100,3,100,3009,lpt_ls,,1732,1732,0.000000,0.117,20baf36ce98c2184
eval-m3-n100,3,100,3009,rol,2,1732,1732,0.000000,0.229,20baf36ce98c2184
eval-m3-n100,3,100,3010,lpt,,1843,1842,0.054289,0.040,c8eaa4dcccb480c3
eval-m3-n100,3,100,3010,multifit,,1842,1842,0.000000,0.188,0a1dd803d2bc985c
eval-m3-n100,3,100,3010,lpt_ls,,1842,1842,0.000000,0.188,27b50649417b0f3a
eval-m3-n100,3,100,3010,rol,2,1843,1842,0.054289,0.265,c8eaa4dcccb480c3
eval-m3-n100,3,100,3011,lpt,,1608,1608,0.000000,0.040,b093393103107e1c
eval-m3-n100,3,100,3011,multifit,,1608,1608,0.000000,0.194,802110be35aea425
eval-m3-n100,3,100,3011,lpt_ls,,1608,1608,0.000000,0.090,b093393103107e1c
eval-m3-n100,3,100,3011,rol,2,1608,1608,0.000000,0.273,b093393103107e1c
eval-m3-n100,3,100,3012,lpt,,1655,1655,0.000000,0.039,a5f96a644e8f91ce
eval-m3-n100,3,100,3012,multifit,,1655,1655,0.000000,0.192,8ecb7e7d7226310c
eval-m3-n100,3,100,3012,lpt_ls,,1655,1655,0.000000,0.116,a5f96a644e8f91ce
eval-m3-n100,3,100,3012,rol,2,1655,1655,0.000000,0.255,a5f96a644e8f91ce
eval-m3-n100,3,100,3013,lpt,,1583,1583,0.000000,0.040,5f2889c137ce18d4
eval-m3-n100,3,100,3013,multifit,,1583,1583,0.000000,0.198,d1342f2224a4ac65
eval-m3-n100,3,100,3013,lpt_ls,,1583,1583,0.000000,0.149,5f2889c137ce18d4
eval-m3-n100,3,100,3013,rol,2,1583,1583,0.000000,0.240,5f2889c137ce18d4
eval-m3-n100,3,100,3014,lpt,,1574,1574,0.000000,0.040,802d3bd152406c23
eval-m3-n100,3,100,3014,multifit,,1574,1574,0.000000,0.194,6a8c421d6ab479cc
eval-m3-n100,3,100,3014,lpt_ls,,1574,1574,0.000000,0.089,802d3bd152406c23
eval-m3-n100,3,100,3014,rol,2,1574,1574,0.000000,0.237,802d3bd152406c23
eval-m3-n100,3,100,3015,lpt,,1615,1615,0.000000,0.039,aa121fb02f1ad698
eval-m3-n100,3,100,3015,multifit,,1615,1615,0.000000,0.190,c03d03fba70d0962
eval-m3-n100,3,100,3015,lpt_ls,,1615,1615,0.000000,0.089,aa121fb02f1ad698
eval-m3-n100,3,100,3015,rol,2,1615,1615,0.000000,0.260,aa121fb02f1ad698
eval-m3-n100,3,100,3016,lpt,,1560,1560,0.000000,0.040,70ea4ef91992fe99
eval-m3-n100,3,100,3016,multifit,,1560,1560,0.000000,0.191,67f2896740d42c77
eval-m3-n100,3,100,3016,lpt_ls,,1560,1560,0.000000,0.116,70ea4ef91992fe99
eval-m3-n100,3,100,3016,rol,2,1560,1560,0.000000,0.270,70ea4ef91992fe99
eval-m3-n100,3,100,3017,lpt,,1719,1719,0.000000,0.040,2d755666f3aaa2e0
eval-m3-n100,3,100,3017,multifit,,1719,1719,0.000000,0.192,770da5b131c3b221
eval-m3-n100,3,100,3017,lpt_ls,,1719,1719,0.000000,0.151,2d755666f3aaa2e0
eval-m3-n100,3,100,3017,rol,2,1719,1719,0.000000,0.271,2d755666f3aaa2e0
eval-m3-n100,3,100,3018,lpt,,1761,1760,0.056818,0.067,61c905d556b8008d
eval-m3-n100,3,100,3018,multifit,,1760,1760,0.000000,0.291,470843e249220f74
eval-m3-n100,3,100,3018,lpt_ls,,1760,1760,0.000000,0.198,0b1e9d2b5e46496b
eval-m3-n100,3,100,3018,rol,2,1761,1760,0.056818,0.279,61c905d556b8008d
eval-m3-n100,3,100,3019,lpt,,1701,1701,0.000000,0.044,62da0a5b8f700da9
eval-m3-n100,3,100,3019,multifit,,1701,1701,0.000000,0.191,5066bb62ea3286fc
eval-m3-n100,3,100,3019,lpt_ls,,1701,1701,0.000000,0.131,62da0a5b8f700da9
eval-m3-n100,3,100,3019,rol,2,1701,1701,0.000000,0.284,62da0a5b8f700da9
eval-m3-n100,3,100,3020,lpt,,1555,1555,0.000000,0.041,0e2430e83abb2468
eval-m3-n100,3,100,3020,multifit,,1555,1555,0.000000,0.192,f7abbe31c112d346
eval-m3-n100,3,100,3020,lpt_ls,,1555,1555,0.000000,0.250,0e2430e83abb2468
eval-m3-n100,3,100,3020,rol,2,1555,1555,0.000000,0.227,0e2430e83abb2468
eval-m3-n100,3,100,3021,lpt,,1707,1706,0.058617,0.042,cfd722556d2dc0c9
eval-m3-n100,3,100,3021,multifit,,1706,1706,0.000000,0.193,9627632d3aa8860e
eval-m3-n100,3,100,3021,lpt_ls,,1706,1706,0.000000,0.160,77ac2fdac5391252
eval-m3-n100,3,100,3021,rol,2,1707,1706,0.058617,0.210,cfd722556d2dc0c9
eval-m3-n100,3,100,3022,lpt,,1802,1802,0.000000,0.040,e26d559d42f51b39
eval-m3-n100,3,100,3022,multifit,,1802,1802,0.000000,0.194,1e61238309809a9d
eval-m3-n100,3,100,3022,lpt_ls,,1802,1802,0.000000,0.089,e26d559d42f51b39
eval-m3-n100,3,100,3022,rol,2,1802,1802,0.000000,0.244,e26d559d42f51b39
eval-m3-n100,3,100,3023,lpt,,1712,1710,0.116959,0.042,066f708d50ee7068
eval-m3-n100,3,100,3023,multifit,,1711,1710,0.058480,0.194,4e9d7aa8e71202fa
eval-m3-n100,3,100,3023,lpt_ls,,1710,1710,0.000000,0.226,b999153a2b26a9d4
eval-m3-n100,3,100,3023,rol,2,1712,1710,0.116959,0.236,066f708d50ee7068
eval-m3-n100,3,100,3024,lpt,,1467,1467,0.000000,0.040,fcebd753de92d373
eval-m3-n100,3,100,3024,multifit,,1467,1467,0.000000,0.189,49f6c1b070c39e9f
eval-m3-n100,3,100,3024,lpt_ls,,1467,1467,0.000000,0.089,fcebd753de92d373
eval-m3-n100,3,100,3024,rol,2,1467,1467,0.000000,0.281,fcebd753de92d373
eval-m3-n100,3,100,3025,lpt,,1565,1565,0.000000,0.039,14f89756281210e5
eval-m3-n100,3,100,3025,multifit,,1565,1565,0.000000,0.188,4d52f84644e336a0
eval-m3-n100,3,100,3025,lpt_ls,,1565,1565,0.000000,0.121,14f89756281210e5
eval-m3-n100,3,100,3025,rol,2,1565,1565,0.000000,0.288,14f89756281210e5
eval-m3-n100,3,100,3026,lpt,,1772,1771,0.056465,0.039,746fbf9fc0cc964b
eval-m3-n100,3,100,3026,multifit,,1771,1771,0.000000,0.187,a05efe749c1c9c64
eval-m3-n100,3,100,3026,lpt_ls,,1771,1771,0.000000,0.157,507f83e4555ca5ad
eval-m3-n100,3,100,3026,rol,2,1772,1771,0.056465,0.209,746fbf9fc0cc964b
eval-m3-n100,3,100,3027,lpt,,1619,1619,0.000000,0.038,5b3e9d1cf8d4aa5e
eval-m3-n100,3,100,3027,multifit,,1619,1619,0.000000,0.195,9bd26dae0edaff27
eval-m3-n100,3,100,3027,lpt_ls,,1619,1619,0.000000,0.120,5b3e9d1cf8d4aa5e
eval-m3-n100,3,100,3027,rol,2,1619,1619,0.000000,0.213,5b3e9d1cf8d4aa5e
eval-m3-n100,3,100,3028,lpt,,1621,1620,0.061728,0.039,b16848e3659bcb40
eval-m3-n100,3,100,3028,multifit,,1621,1620,0.061728,0.183,4c3927e3f4c47957
eval-m3-n100,3,100,3028,lpt_ls,,1620,1620,0.000000,0.152,0b78f7ec6a07aa97
eval-m3-n100,3,100,3028,rol,2,1621,1620,0.061728,0.265,b16848e3659bcb40
eval-m3-n100,3,100,3029,lpt,,1757,1755,0.113960,0.039,5a4bdc52cc184db5
eval-m3-n100,3,100,3029,multifit,,1755,1755,0.000000,0.182,85fb85246b4a92d1
eval-m3-n100,3,100,3029,lpt_ls,,1755,1755,0.000000,0.213,9c6fb54c090fb55b
eval-m3-n100,3,100,3029,rol,2,1757,1755,0.113960,0.270,5a4bdc52cc184db5
eval-m3-n200,3,200,3000,lpt,,3318,3318,0.000000,0.075,cdd8876e3c23cee4
eval-m3-n200,3,200,3000,multifit,,3318,3318,0.000000,0.386,91230499fc1db644
eval-m3-n200,3,200,3000,lpt_ls,,3318,3318,0.000000,0.226,cdd8876e3c23cee4
eval-m3-n200,3,200,3000,rol,2,3318,3318,0.000000,0.546,cdd8876e3c23cee4
eval-m3-n200,3,200,3001,lpt,,3439,3439,0.000000,0.076,87fdd7336fd8f807
eval-m3-n200,3,200,3001,multifit,,3439,3439,0.000000,0.395,a16f2026655b81b9
eval-m3-n200,3,200,3001,lpt_ls,,3439,3439,0.000000,0.254,87fdd7336fd8f807
eval-m3-n200,3,200,3001,rol,2,3439,3439,0.000000,0.552,87fdd7336fd8f807
eval-m3-n200,3,200,3002,lpt,,3178,3178,0.000000,0.072,1de2e83986a27467
eval-m3-n200,3,200,3002,multifit,,3178,3178,0.000000,0.393,80a0882ecb78384e
eval-m3-n200,3,200,3002,lpt_ls,,3178,3178,0.000000,0.244,1de2e83986a27467
eval-m3-n200,3,200,3002,rol,2,3178,3178,0.000000,0.415,1de2e83986a27467
eval-m3-n200,3,200,3003,lpt,,3505,3505,0.000000,0.074,991c24ee5e6e0cd3
eval-m3-n200,3,200,3003,multifit,,3505,3505,0.000000,0.387,b00faf67049ceb6a
eval-m3-n200,3,200,3003,lpt_ls,,3505,3505,0.000000,0.208,991c24ee5e6e0cd3
eval-m3-n200,3,200,3003,rol,2,3505,3505,0.000000,0.426,991c24ee5e6e0cd3
eval-m3-n200,3,200,3004,lpt,,3557,3556,0.028121,0.074,2c7dd97078b723eb
eval-m3-n200,3,200,3004,multifit,,3556,3556,0.000000,0.400,4df22620ff3601b8
eval-m3-n200,3,200,3004,lpt_ls,,3556,3556,0.000000,0.290,472c9338b0f34133
eval-m3-n200,3,200,3004,rol,2,3557,3556,0.028121,0.503,2c7dd97078b723eb
eval-m3-n200,3,200,3005,lpt,,3363,3363,0.000000,0.078,001faf5a203ba59f
eval-m3-n200,3,200,3005,multifit,,3363,3363,0.000000,0.524,f162a1236810d898
eval-m3-n200,3,200,3005,lpt_ls,,3363,3363,0.000000,0.249,001faf5a203ba59f
eval-m3-n200,3,200,3005,rol,2,3363,3363,0.000000,0.528,001faf5a203ba59f
eval-m3-n200,3,200,3006,lpt,,3493,3493,0.000000,0.077,1f46bb531e7cacd5
eval-m3-n200,3,200,3006,multifit,,3493,3493,0.000000,0.417,3db2dfbf7e132323
eval-m3-n200,3,200,3006,lpt_ls,,3493,3493,0.000000,0.184,1f46bb531e7cacd5
eval-m3-n200,3,200,3006,rol,2,3493,3493,0.000000,0.456,1f46bb531e7cacd5
eval-m3-n200,3,200,3007,lpt,,3258,3258,0.000000,0.076,cd7cd7c4e5ef5e29
eval-m3-n200,3,200,3007,multifit,,3258,3258,0.000000,0.401,ae149a08f55010be
eval-m3-n200,3,200,3007,lpt_ls,,3258,3258,0.000000,0.159,cd7cd7c4e5ef5e29
eval-m3-n200,3,200,3007,rol,2,3258,3258,0.000000,0.460,cd7cd7c4e5ef5e29
eval-m3-n200,3,200,3008,lpt,,3237,3237,0.000000,0.073,f6f88cb6a9f1c95d
eval-m3-n200,3,200,3008,multifit,,3237,3237,0.000000,0.393,4906867a72d72e07
eval-m3-n200,3,200,3008,lpt_ls,,3237,3237,0.000000,0.153,f6f88cb6a9f1c95d
eval-m3-n200,3,200,3008,rol,2,3237,3237,0.000000,0.382,f6f88cb6a9f1c95d
eval-m3-n200,3,200,3009,lpt,,3535,3535,0.000000,0.072,163ff90d18813a2c
eval-m3-n200,3,200,3009,multifit,,3535,3535,0.000000,0.392,01e37cae5df41ac8
eval-m3-n200,3,200,3009,lpt_ls,,3535,3535,0.000000,0.155,163ff90d18813a2c
eval-m3-n200,3,200,3009,rol,2,3535,3535,0.000000,0.468,163ff90d18813a2c
eval-m3-n200,3,200,3010,lpt,,3755,3754,0.026638,0.073,eefd9b827408aeef
eval-m3-n200,3,200,3010,multifit,,3755,3754,0.026638,0.386,fc4552ef8cee611f
eval-m3-n200,3,200,3010,lpt_ls,,3754,3754,0.000000,0.320,6775636f6f2d5804
eval-m3-n200,3,200,3010,rol,2,3755,3754,0.026638,0.499,eefd9b827408aeef
eval-m3-n200,3,200,3011,lpt,,3280,3280,0.000000,0.072,c76a3c21e8484e66
eval-m3-n200,3,200,3011,multifit,,3280,3280,0.000000,0.394,790d2e2b87f78042
eval-m3-n200,3,200,3011,lpt_ls,,3280,3280,0.000000,0.149,c76a3c21e8484e66
eval-m3-n200,3,200,3011,rol,2,3280,3280,0.000000,0.462,c76a3c21e8484e66
eval-m3-n200,3,200,3012,lpt,,3351,3351,0.000000,0.073,0683a138b4b33fde
eval-m3-n200,3,200,3012,multifit,,3351,3351,0.000000,0.412,786de9bffd50fcfa
eval-m3-n200,3,200,3012,lpt_ls,,3351,3351,0.000000,0.267,0683a138b4b33fde
eval-m3-n200,3,200,3012,rol,2,3351,3351,0.000000,0.446,0683a138b4b33fde
eval-m3-n200,3,200,3013,lpt,,3104,3104,0.000000,0.070,b2e2633aef1b3969
eval-m3-n200,3,200,3013,multifit,,3104,3104,0.000000,0.391,0c5c82f2488b7f72
eval-m3-n200,3,200,3013,lpt_ls,,3104,3104,0.000000,0.230,b2e2633aef1b3969
eval-m3-n200,3,200,3013,rol,2,3104,3104,0.000000,0.371,b2e2633aef1b3969
eval-m3-n200,3,200,3014,lpt,,3183,3183,0.000000,0.070,b134d0274673733a
eval-m3-n200,3,200,3014,multifit,,3183,3183,0.000000,0.394,b00ee9c90c737de2
eval-m3-n200,3,200,3014,lpt_ls,,3183,3183,0.000000,0.235,b134d0274673733a
eval-m3-n200,3,200,3014,rol,2,3183,3183,0.000000,0.388,b134d0274673733a
eval-m3-n200,3,200,3015,lpt,,3179,3179,0.000000,0.072,b8b5ea117f85231b
eval-m3-n200,3,200,3015,multifit,,3179,3179,0.000000,0.391,7b6d6e6a5d794849
eval-m3-n200,3,200,3015,lpt_ls,,3179,3179,0.000000,0.189,b8b5ea117f85231b
eval-m3-n200,3,200,3015,rol,2,3179,3179,0.000000,0.516,b8b5ea117f85231b
eval-m3-n200,3,200,3016,lpt,,3330,3330,0.000000,0.073,54128bdbcb17be48
eval-m3-n200,3,200,3016,multifit,,3330,3330,0.000000,0.408,cdb3247f0aad7520
eval-m3-n200,3,200,3016,lpt_ls,,3330,3330,0.000000,0.215,54128bdbcb17be48
eval-m3-n200,3,200,3016,rol,2,3330,3330,0.000000,0.719,54128bdbcb17be48
eval-m3-n200,3,200,3017,lpt,,3310,3310,0.000000,0.080,38332f2b1850848d
eval-m3-n200,3,200,3017,multifit,,3310,3310,0.000000,0.394,d2554fbb0de81dc2
eval-m3-n200,3,200,3017,lpt_ls,,3310,3310,0.000000,0.341,38332f2b1850848d
eval-m3-n200,3,200,3017,rol,2,3310,3310,0.000000,0.392,38332f2b1850848d
eval-m3-n200,3,200,3018,lpt,,3389,3389,0.000000,0.075,caa18d0b20725789
eval-m3-n200,3,200,3018,multifit,,3389,3389,0.000000,0.409,b5370dca5df43f22
eval-m3-n200,3,200,3018,lpt_ls,,3389,3389,0.000000,0.230,caa18d0b20725789
eval-m3-n200,3,200,3018,rol,2,3389,3389,0.000000,0.562,caa18d0b20725789
eval-m3-n200,3,200,3019,lpt,,3418,3418,0.000000,0.091,6db5b3a967d3c19b
eval-m3-n200,3,200,3019,multifit,,3418,3418,0.000000,0.421,5127aff4d9872c6b
eval-m3-n200,3,200,3019,lpt_ls,,3418,3418,0.000000,0.255,6db5b3a967d3c19b
eval-m3-n200,3,200,3019,rol,2,3418,3418,0.000000,0.426,6db5b3a967d3c19b
eval-m3-n200,3,200,3020,lpt,,3166,3166,0.000000,0.078,74394a734ccb557b
eval-m3-n200,3,200,3020,multifit,,3166,3166,0.000000,0.399,d493dd54c4b55d05
eval-m3-n200,3,200,3020,lpt_ls,,3166,3166,0.000000,0.247,74394a734ccb557b
eval-m3-n200,3,200,3020,rol,2,3166,3166,0.000000,0.511,74394a734ccb557b
eval-m3-n200,3,200,3021,lpt,,3342,3342,0.000000,0.076,f2b418f93c5e903a
eval-m3-n200,3,200,3021,multifit,,3342,3342,0.000000,0.399,a532e54ab3790667
eval-m3-n200,3,200,3021,lpt_ls,,3342,3342,0.000000,0.216,f2b418f93c5e903a
eval-m3-n200,3,200,3021,rol,2,3342,3342,0.000000,0.418,f2b418f93c5e903a
eval-m3-n200,3,200,3022,lpt,,3435,3435,0.000000,0.073,abd1750db2caa5a5
eval-m3-n200,3,200,3022,multifit,,3435,3435,0.000000,0.403,c17fe4c06f6ce374
eval-m3-n200,3,200,3022,lpt_ls,,3435,3435,0.000000,0.170,abd1750db2caa5a5
eval-m3-n200,3,200,3022,rol,2,3435,3435,0.000000,0.406,abd1750db2caa5a5
eval-m3-n200,3,200,3023,lpt,,3313,3313,0.000000,0.078,d575f03a9d9861c4
eval-m3-n200,3,200,3023,multifit,,3313,3313,0.000000,0.387,71ce9722b2731db1
eval-m3-n200,3,200,3023,lpt_ls,,3313,3313,0.000000,0.195,d575f03a9d9861c4
eval-m3-n200,3,200,3023,rol,2,3313,3313,0.000000,0.424,d575f03a9d9861c4
eval-m3-n200,3,200,3024,lpt,,3139,3139,0.000000,0.078,1153286ce23af42b
eval-m3-n200,3,200,3024,multifit,,3139,3139,0.000000,0.394,a53b21fce3212d82
eval-m3-n200,3,200,3024,lpt_ls,,3139,3139,0.000000,0.181,1153286ce23af42b
eval-m3-n200,3,200,3024,rol,2,3139,3139,0.000000,0.498,1153286ce23af42b
eval-m3-n200,3,200,3025,lpt,,3049,3049,0.000000,0.075,d0279c5e149c7843
eval-m3-n200,3,200,3025,multifit,,3049,3049,0.000000,0.409,68bb5ae74a5890ba
eval-m3-n200,3,200,3025,lpt_ls,,3049,3049,0.000000,0.205,d0279c5e149c7843
eval-m3-n200,3,200,3025,rol,2,3049,3049,0.000000,0.429,d0279c5e149c7843
eval-m3-n200,3,200,3026,lpt,,3387,3387,0.000000,0.073,76fe0e098010bc99
eval-m3-n200,3,200,3026,multifit,,3387,3387,0.000000,0.393,26b966289c0780c1
eval-m3-n200,3,200,3026,lpt_ls,,3387,3387,0.000000,0.164,76fe0e098010bc99
eval-m3-n200,3,200,3026,rol,2,3387,3387,0.000000,0.371,76fe0e098010bc99
eval-m3-n200,3,200,3027,lpt,,3497,3497,0.000000,0.075,055a67519b3ab2c1
eval-m3-n200,3,200,3027,multifit,,3497,3497,0.000000,0.474,ca0ddcfb6b0bf599
eval-m3-n200,3,200,3027,lpt_ls,,3497,3497,0.000000,0.189,055a67519b3ab2c1
eval-m3-n200,3,200,3027,rol,2,3497,3497,0.000000,0.418,055a67519b3ab2c1
eval-m3-n200,3,200,3028,lpt,,3321,3321,0.000000,0.077,0a560f78b54c33ad
eval-m3-n200,3,200,3028,multifit,,3321,3321,0.000000,0.401,0aaa413458c67810
eval-m3-n200,3,200,3028,lpt_ls,,3321,3321,0.000000,0.182,0a560f78b54c33ad
eval-m3-n200,3,200,3028,rol,2,3321,3321,0.000000,0.496,0a560f78b54c33ad
eval-m3-n200,3,200,3029,lpt,,3341,3341,0.000000,0.077,a4f373a613722589
eval-m3-n200,3,200,3029,multifit,,3341,3341,0.000000,0.409,7131e86480eaf6f6
eval-m3-n200,3,200,3029,lpt_ls,,3341,3341,0.000000,0.236,a4f373a613722589
eval-m3-n200,3,200,3029,rol,2,3341,3341,0.000000,0.429,a4f373a613722589
eval-m3-n500,3,500,3000,lpt,,8281,8281,0.000000,0.175,192ca789dd7db98a
eval-m3-n500,3,500,3000,multifit,,8281,8281,0.000000,1.117,5fc147d168b09dc0
eval-m3-n500,3,500,3000,lpt_ls,,8281,8281,0.000000,0.800,192ca789dd7db98a
eval-m3-n500,3,500,3000,rol,2,8281,8281,0.000000,1.145,192ca789dd7db98a
eval-m3-n500,3,500,3001,lpt,,7959,7959,0.000000,0.172,d65e78f14ac9108b
eval-m3-n500,3,500,3001,multifit,,7959,7959,0.000000,1.042,44fcbc9180775433
eval-m3-n500,3,500,3001,lpt_ls,,7959,7959,0.000000,0.739,d65e78f14ac9108b
eval-m3-n500,3,500,3001,rol,2,7959,7959,0.000000,1.193,d65e78f14ac9108b
eval-m3-n500,3,500,3002,lpt,,8329,8329,0.000000,0.179,8063b1e066193e39
eval-m3-n500,3,500,3002,multifit,,8329,8329,0.000000,1.128,1aab6a1604855736
eval-m3-n500,3,500,3002,lpt_ls,,8329,8329,0.000000,1.221,8063b1e066193e39
eval-m3-n500,3,500,3002,rol,2,8329,8329,0.000000,0.942,8063b1e066193e39
eval-m3-n500,3,500,3003,lpt,,8477,8477,0.000000,0.179,4ed26b022f5e30c2
eval-m3-n500,3,500,3003,multifit,,8477,8477,0.000000,2.144,daf2abaa3a3a5d67
eval-m3-n500,3,500,3003,lpt_ls,,8477,8477,0.000000,1.523,4ed26b022f5e30c2
eval-m3-n500,3,500,3003,rol,2,8477,8477,0.000000,0.948,4ed26b022f5e30c2
eval-m3-n500,3,500,3004,lpt,,8486,8486,0.000000,0.176,d5edd2bd15dc7bb3
eval-m3-n500,3,500,3004,multifit,,8486,8486,0.000000,1.120,c7c2ce4223ed3024
eval-m3-n500,3,500,3004,lpt_ls,,8486,8486,0.000000,0.737,d5edd2bd15dc7bb3
eval-m3-n500,3,500,3004,rol,2,8486,8486,0.000000,0.972,d5edd2bd15dc7bb3
eval-m3-n500,3,500,3005,lpt,,8201,8201,0.000000,0.176,914b56c8d4597e8d
eval-m3-n500,3,500,3005,multifit,,8201,8201,0.000000,1.098,8bfecf32a84f60f1
eval-m3-n500,3,500,3005,lpt_ls,,8201,8201,0.000000,1.007,914b56c8d4597e8d
eval-m3-n500,3,500,3005,rol,2,8201,8201,0.000000,0.977,914b56c8d4597e8d
eval-m3-n500,3,500,3006,lpt,,8540,8540,0.000000,0.179,d6d3f7ab93dd857d
eval-m3-n500,3,500,3006,multifit,,8540,8540,0.000000,1.086,fed2fa41dfd57a28
eval-m3-n500,3,500,3006,lpt_ls,,8540,8540,0.000000,0.694,d6d3f7ab93dd857d
eval-m3-n500,3,500,3006,rol,2,8540,8540,0.000000,0.992,d6d3f7ab93dd857d
eval-m3-n500,3,500,3007,lpt,,8167,8167,0.000000,0.178,921a801d1fef9cc6
eval-m3-n500,3,500,3007,multifit,,8167,8167,0.000000,1.263,74e27bcd68980aad
eval-m3-n500,3,500,3007,lpt_ls,,8167,8167,0.000000,1.631,921a801d1fef9cc6
eval-m3-n500,3,500,3007,rol,2,8167,8167,0.000000,1.087,921a801d1fef9cc6
eval-m3-n500,3,500,3008,lpt,,8027,8027,0.000000,0.175,252d9fce4f9a729d
eval-m3-n500,3,500,3008,multifit,,8027,8027,0.000000,1.063,5f717fabb0a51929
eval-m3-n500,3,500,3008,lpt_ls,,8027,8027,0.000000,1.010,252d9fce4f9a729d
eval-m3-n500,3,500,3008,rol,2,8027,8027,0.000000,0.973,252d9fce4f9a729d
eval-m3-n500,3,500,3009,lpt,,8735,8735,0.000000,0.174,ceb18c7abdbb9e84
eval-m3-n500,3,500,3009,multifit,,8735,8735,0.000000,1.096,5bfaf32518a24667
eval-m3-n500,3,500,3009,lpt_ls,,8735,8735,0.000000,0.632,ceb18c7abdbb9e84
eval-m3-n500,3,500,3009,rol,2,8735,8735,0.000000,0.958,ceb18c7abdbb9e84
eval-m3-n500,3,500,3010,lpt,,8251,8251,0.000000,0.171,514b5a263fbf580b
eval-m3-n500,3,500,3010,multifit,,8251,8251,0.000000,1.084,80b7008b541a19d5
eval-m3-n500,3,500,3010,lpt_ls,,8251,8251,0.000000,0.815,514b5a263fbf580b
eval-m3-n500,3,500,3010,rol,2,8251,8251,0.000000,1.008,514b5a263fbf580b
eval-m3-n500,3,500,3011,lpt,,7985,7985,0.000000,0.169,70041b8817dfa497
eval-m3-n500,3,500,3011,multifit,,7985,7985,0.000000,1.021,4105dfa1afb9c6e5
eval-m3-n500,3,500,3011,lpt_ls,,7985,7985,0.000000,1.115,70041b8817dfa497
eval-m3-n500,3,500,3011,rol,2,7985,7985,0.000000,1.013,70041b8817dfa497
eval-m3-n500,3,500,3012,lpt,,8599,8599,0.000000,0.172,13c38a6065d5e7a3
eval-m3-n500,3,500,3012,multifit,,8599,8599,0.000000,1.098,148840f258aa9768
eval-m3-n500,3,500,3012,lpt_ls,,8599,8599,0.000000,0.670,13c38a6065d5e7a3
eval-m3-n500,3,500,3012,rol,2,8599,8599,0.000000,0.942,13c38a6065d5e7a3
eval-m3-n500,3,500,3013,lpt,,8162,8162,0.000000,0.178,662be68d2b67ba1b
eval-m3-n500,3,500,3013,multifit,,8162,8162,0.000000,1.054,d5d9dd0f322dac0d
eval-m3-n500,3,500,3013,lpt_ls,,8162,8162,0.000000,1.022,662be68d2b67ba1b
eval-m3-n500,3,500,3013,rol,2,8162,8162,0.000000,0.944,662be68d2b67ba1b
eval-m3-n500,3,500,3014,lpt,,8274,8274,0.000000,0.171,f4e3c6cdf4b8f4ae
eval-m3-n500,3,500,3014,multifit,,8274,8274,0.000000,1.086,6e8d5608c3f9c744
eval-m3-n500,3,500,3014,lpt_ls,,8274,8274,0.000000,0.966,f4e3c6cdf4b8f4ae
eval-m3-n500,3,500,3014,rol,2,8274,8274,0.000000,0.944,f4e3c6cdf4b8f4ae
eval-m3-n500,3,500,3015,lpt,,8108,8108,0.000000,0.171,0b4032a808d7aac5
eval-m3-n500,3,500,3015,multifit,,8108,8108,0.000000,1.038,a693e9541b3966aa
eval-m3-n500,3,500,3015,lpt_ls,,8108,8108,0.000000,1.004,0b4032a808d7aac5
eval-m3-n500,3,500,3015,rol,2,8108,8108,0.000000,1.002,0b4032a808d7aac5
eval-m3-n500,3,500,3016,lpt,,8351,8351,0.000000,0.172,028ad8e9dd8a1f2f
eval-m3-n500,3,500,3016,multifit,,8351,8351,0.000000,1.127,163367d3576702e4
eval-m3-n500,3,500,3016,lpt_ls,,8351,8351,0.000000,0.717,028ad8e9dd8a1f2f
eval-m3-n500,3,500,3016,rol,2,8351,8351,0.000000,1.112,028ad8e9dd8a1f2f
eval-m3-n500,3,500,3017,lpt,,8256,8256,0.000000,0.174,7eec9a0e96b86164
eval-m3-n500,3,500,3017,multifit,,8256,8256,0.000000,1.105,499e049262c1127c
eval-m3-n500,3,500,3017,lpt_ls,,8256,8256,0.000000,1.006,7eec9a0e96b86164
eval-m3-n500,3,500,3017,rol,2,8256,8256,0.000000,0.939,7eec9a0e96b86164
eval-m3-n500,3,500,3018,lpt,,8854,8854,0.000000,0.170,a991d55d2c31bf4b
eval-m3-n500,3,500,3018,multifit,,8854,8854,0.000000,1.108,0d5467ec3f5155a4
eval-m3-n500,3,500,3018,lpt_ls,,8854,8854,0.000000,1.047,a991d55d2c31bf4b
eval-m3-n500,3,500,3018,rol,2,8854,8854,0.000000,0.996,a991d55d2c31bf4b
eval-m3-n500,3,500,3019,lpt,,8284,8284,0.000000,0.175,0a00fb035ed552de
eval-m3-n500,3,500,3019,multifit,,8284,8284,0.000000,1.093,266da7359a6812c4
eval-m3-n500,3,500,3019,lpt_ls,,8284,8284,0.000000,0.808,0a00fb035ed552de
eval-m3-n500,3,500,3019,rol,2,8284,8284,0.000000,1.050,0a00fb035ed552de
eval-m3-n500,3,500,3020,lpt,,7780,7780,0.000000,0.175,497956c6474338fa
eval-m3-n500,3,500,3020,multifit,,7780,7780,0.000000,1.079,8a0241930e3f8078
eval-m3-n500,3,500,3020,lpt_ls,,7780,7780,0.000000,1.055,497956c6474338fa
eval-m3-n500,3,500,3020,rol,2,7780,7780,0.000000,1.150,497956c6474338fa
eval-m3-n500,3,500,3021,lpt,,8634,8634,0.000000,0.177,04fe19517c903b02
eval-m3-n500,3,500,3021,multifit,,8634,8634,0.000000,1.108,75268891010d7f49
eval-m3-n500,3,500,3021,lpt_ls,,8634,8634,0.000000,0.844,04fe19517c903b02
eval-m3-n500,3,500,3021,rol,2,8634,8634,0.000000,0.953,04fe19517c903b02
eval-m3-n500,3,500,3022,lpt,,8381,8381,0.000000,0.174,3d28724974f2b76d
eval-m3-n500,3,500,3022,multifit,,8381,8381,0.000000,1.101,a473f7c5584fe02d
eval-m3-n500,3,500,3022,lpt_ls,,8381,8381,0.000000,0.695,3d28724974f2b76d
eval-m3-n500,3,500,3022,rol,2,8381,8381,0.000000,0.941,3d28724974f2b76d
eval-m3-n500,3,500,3023,lpt,,8416,8416,0.000000,0.175,4ce49320467c4c00
eval-m3-n500,3,500,3023,multifit,,8416,8416,0.000000,1.085,8eff755212f1a972
eval-m3-n500,3,500,3023,lpt_ls,,8416,8416,0.000000,0.795,4ce49320467c4c00
eval-m3-n500,3,500,3023,rol,2,8416,8416,0.000000,0.922,4ce49320467c4c00
eval-m3-n500,3,500,3024,lpt,,8302,8302,0.000000,0.169,24cb056688352cb9
eval-m3-n500,3,500,3024,multifit,,8302,8302,0.000000,1.095,97297212c628960e
eval-m3-n500,3,500,3024,lpt_ls,,8302,8302,0.000000,0.606,24cb056688352cb9
eval-m3-n500,3,500,3024,rol,2,8302,8302,0.000000,1.019,24cb056688352cb9
eval-m3-n500,3,500,3025,lpt,,8087,8087,0.000000,0.175,4fe13e9edea5d8ec
eval-m3-n500,3,500,3025,multifit,,8087,8087,0.000000,1.060,ac2ff09fb71f96e6
eval-m3-n500,3,500,3025,lpt_ls,,8087,8087,0.000000,0.776,4fe13e9edea5d8ec
eval-m3-n500,3,500,3025,rol,2,8087,8087,0.000000,0.954,4fe13e9edea5d8ec
eval-m3-n500,3,500,3026,lpt,,8249,8249,0.000000,0.174,ce133f16df0fc4c1
eval-m3-n500,3,500,3026,multifit,,8249,8249,0.000000,1.093,057644cd50d48dd8
eval-m3-n500,3,500,3026,lpt_ls,,8249,8249,0.000000,0.837,ce133f16df0fc4c1
eval-m3-n500,3,500,3026,rol,2,8249,8249,0.000000,0.979,ce133f16df0fc4c1
eval-m3-n500,3,500,3027,lpt,,8899,8899,0.000000,0.170,27befe40e4b7ec7e
eval-m3-n500,3,500,3027,multifit,,8899,8899,0.000000,1.076,91fa3a63b62f2563
eval-m3-n500,3,500,3027,lpt_ls,,8899,8899,0.000000,1.038,27befe40e4b7ec7e
eval-m3-n500,3,500,3027,rol,2,8899,8899,0.000000,0.916,27befe40e4b7ec7e
eval-m3-n500,3,500,3028,lpt,,8575,8575,0.000000,0.174,396a815eefc981cf
eval-m3-n500,3,500,3028,multifit,,8575,8575,0.000000,1.087,1c9962c1be1c35db
eval-m3-n500,3,500,3028,lpt_ls,,8575,8575,0.000000,0.728,396a815eefc981cf
eval-m3-n500,3,500,3028,rol,2,8575,8575,0.000000,0.926,396a815eefc981cf
eval-m3-n500,3,500,3029,lpt,,8434,8434,0.000000,0.174,305f66f8ddcf95ad
eval-m3-n500,3,500,3029,multifit,,8434,8434,0.000000,1.088,24c8b1a92ff05ef2
eval-m3-n500,3,500,3029,lpt_ls,,8434,8434,0.000000,0.626,305f66f8ddcf95ad
eval-m3-n500,3,500,3029,rol,2,8434,8434,0.000000,0.945,305f66f8ddcf95ad
eval-m4-n30,4,30,3000,lpt,,351,348,0.862069,0.018,11a19eb10123b6a3
eval-m4-n30,4,30,3000,multifit,,349,348,0.287356,0.065,928e16ecd584b687
eval-m4-n30,4,30,3000,lpt_ls,,351,348,0.862069,0.101,11a19eb10123b6a3
eval-m4-n30,4,30,3000,rol,1,348,348,0.000000,0.064,8ee438deecb943f6
eval-m4-n30,4,30,3001,lpt,,431,428,0.700935,0.017,c7eb2ace4beaf951
eval-m4-n30,4,30,3001,multifit,,429,428,0.233645,0.065,4f295d01d25c6725
eval-m4-n30,4,30,3001,lpt_ls,,428,428,0.000000,0.264,0755f4006a8a4c63
eval-m4-n30,4,30,3001,rol,1,431,428,0.700935,0.085,c7eb2ace4beaf951
eval-m4-n30,4,30,3002,lpt,,362,359,0.835655,0.019,1e08ed583e0cd5f2
eval-m4-n30,4,30,3002,multifit,,359,359,0.000000,0.067,78acea150c16f65b
eval-m4-n30,4,30,3002,lpt_ls,,360,359,0.278552,0.142,b8c895127004296f
eval-m4-n30,4,30,3002,rol,1,360,359,0.278552,0.068,87611ab467063c02
eval-m4-n30,4,30,3003,lpt,,381,380,0.263158,0.018,c56482903c09ff48
eval-m4-n30,4,30,3003,multifit,,380,380,0.000000,0.064,acc206e4ce6f5edb
eval-m4-n30,4,30,3003,lpt_ls,,381,380,0.263158,0.093,c56482903c09ff48
eval-m4-n30,4,30,3003,rol,1,381,380,0.263158,0.078,c56482903c09ff48
eval-m4-n30,4,30,3004,lpt,,404,402,0.497512,0.018,ab95f27e1cf6253e
eval-m4-n30,4,30,3004,multifit,,403,402,0.248756,0.067,98d0bb95f42eea92
eval-m4-n30,4,30,3004,lpt_ls,,403,402,0.248756,0.138,d285ba6269617dc9
eval-m4-n30,4,30,3004,rol,1,404,402,0.497512,0.068,ab95f27e1cf6253e
eval-m4-n30,4,30,3005,lpt,,405,403,0.496278,0.018,f8313b47346398f2
eval-m4-n30,4,30,3005,multifit,,404,403,0.248139,0.066,e21d65a037fe1f7d
eval-m4-n30,4,30,3005,lpt_ls,,404,403,0.248139,0.165,1a90ea3175e2a42f
eval-m4-n30,4,30,3005,rol,1,405,403,0.496278,0.076,f8313b47346398f2
eval-m4-n30,4,30,3006,lpt,,355,355,0.000000,0.018,5224cd749786fa0c
eval-m4-n30,4,30,3006,multifit,,355,355,0.000000,0.068,5f8a399bd12eb6b5
eval-m4-n30,4,30,3006,lpt_ls,,355,355,0.000000,0.093,5224cd749786fa0c
eval-m4-n30,4,30,3006,rol,1,355,355,0.000000,0.076,5224cd749786fa0c
eval-m4-n30,4,30,3007,lpt,,341,340,0.294118,0.017,1d9844b62c61f0c1
eval-m4-n30,4,30,3007,multifit,,341,340,0.294118,0.063,4453e3de26ff60d3
eval-m4-n30,4,30,3007,lpt_ls,,341,340,0.294118,0.061,1d9844b62c61f0c1
eval-m4-n30,4,30,3007,rol,1,340,340,0.000000,0.077,aaed8d936190b8ed
eval-m4-n30,4,30,3008,lpt,,382,377,1.326260,0.016,a4d87287d97ccac8
eval-m4-n30,4,30,3008,multifit,,377,377,0.000000,0.065,afc924413b6976ca
eval-m4-n30,4,30,3008,lpt_ls,,377,377,0.000000,0.166,2509e8e88b94099c
eval-m4-n30,4,30,3008,rol,1,378,377,0.265252,0.063,770fbb41bf22cf49
eval-m4-n30,4,30,3009,lpt,,403,400,0.750000,0.018,4903dbb1c4783ade
eval-m4-n30,4,30,3009,multifit,,401,400,0.250000,0.065,db18956e228a74e4
eval-m4-n30,4,30,3009,lpt_ls,,400,400,0.000000,0.176,92f0b9b846f132ee
eval-m4-n30,4,30,3009,rol,1,402,400,0.500000,0.075,5330e7480b85b18c
eval-m4-n30,4,30,3010,lpt,,404,401,0.748130,0.017,0d4d002298024e8f
eval-m4-n30,4,30,3010,multifit,,403,401,0.498753,0.061,6a020709480b635c
eval-m4-n30,4,30,3010,lpt_ls,,401,401,0.000000,0.162,a467132976b7cdf9
eval-m4-n30,4,30,3010,rol,1,404,401,0.748130,0.076,0d4d002298024e8f
eval-m4-n30,4,30,3011,lpt,,385,382,0.785340,0.017,39baad37eccedeb2
eval-m4-n30,4,30,3011,multifit,,384,382,0.523560,0.059,0836508d2f220596
eval-m4-n30,4,30,3011,lpt_ls,,382,382,0.000000,0.133,54814f118329501e
eval-m4-n30,4,30,3011,rol,1,383,382,0.261780,0.067,82536e6c7e0e6f86
eval-m4-n30,4,30,3012,lpt,,359,354,1.412429,0.017,9181e2deaab85d93
eval-m4-n30,4,30,3012,multifit,,354,354,0.000000,0.063,c4d63d5d67be85a3
eval-m4-n30,4,30,3012,lpt_ls,,355,354,0.282486,0.199,1bb80a3f77509a50
eval-m4-n30,4,30,3012,rol,1,359,354,1.412429,0.079,9181e2deaab85d93
eval-m4-n30,4,30,3013,lpt,,351,347,1.152738,0.016,fd12f50bf4170865
eval-m4-n30,4,30,3013,multifit,,349,347,0.576369,0.061,cac4a5af8720347c
eval-m4-n30,4,30,3013,lpt_ls,,348,347,0.288184,0.165,6d2836f645ff7eef
eval-m4-n30,4,30,3013,rol,1,348,347,0.288184,0.068,3c7dcab0c74b6f01
eval-m4-n30,4,30,3014,lpt,,308,307,0.325733,0.021,5c262624c66fcc24
eval-m4-n30,4,30,3014,multifit,,307,307,0.000000,0.063,0873ac47f3b3f1f0
eval-m4-n30,4,30,3014,lpt_ls,,308,307,0.325733,0.077,5c262624c66fcc24
eval-m4-n30,4,30,3014,rol,1,308,307,0.325733,0.084,5c262624c66fcc24
eval-m4-n30,4,30,3015,lpt,,361,359,0.557103,0.019,aa6f91108b38f10d
eval-m4-n30,4,30,3015,multifit,,360,359,0.278552,0.067,9841231ada34a9c2
eval-m4-n30,4,30,3015,lpt_ls,,359,359,0.000000,0.230,bca7c4adf3bdb158
eval-m4-n30,4,30,3015,rol,1,361,359,0.557103,0.078,aa6f91108b38f10d
eval-m4-n30,4,30,3016,lpt,,391,390,0.256410,0.017,1c9c1e4fcbc7bc32
eval-m4-n30,4,30,3016,multifit,,391,390,0.256410,0.064,4a071af1a54fdf06
eval-m4-n30,4,30,3016,lpt_ls,,390,390,0.000000,0.157,6be8f76bc28ab79c
eval-m4-n30,4,30,3016,rol,1,391,390,0.256410,0.077,1c9c1e4fcbc7bc32
eval-m4-n30,4,30,3017,lpt,,406,401,1.246883,0.017,cc0529c16b3d1671
eval-m4-n30,4,30,3017,multifit,,403,401,0.498753,0.060,703e94c1d68cdea5
eval-m4-n30,4,30,3017,lpt_ls,,403,401,0.498753,0.147,dd0ddcaefacab416
eval-m4-n30,4,30,3017,rol,1,405,401,0.997506,0.080,fd1f4dc07e003dd8
eval-m4-n30,4,30,3018,lpt,,375,373,0.536193,0.017,7870184d06669331
eval-m4-n30,4,30,3018,multifit,,374,373,0.268097,0.065,007dd67094aabf21
eval-m4-n30,4,30,3018,lpt_ls,,374,373,0.268097,0.156,63bee7aeda0a8580
eval-m4-n30,4,30,3018,rol,1,374,373,0.268097,0.070,0c3493edb8091ff2
eval-m4-n30,4,30,3019,lpt,,391,390,0.256410,0.024,b92ff96fd5d6c572
eval-m4-n30,4,30,3019,multifit,,390,390,0.000000,0.126,3d069bb241a83df5
eval-m4-n30,4,30,3019,lpt_ls,,390,390,0.000000,0.225,e39d56465aea1ed0
eval-m4-n30,4,30,3019,rol,1,390,390,0.000000,0.115,64a0d90542aa3166
eval-m4-n30,4,30,3020,lpt,,271,270,0.370370,0.021,b372510f7699a827
eval-m4-n30,4,30,3020,multifit,,271,270,0.370370,0.065,bc358b294e4f9dba
eval-m4-n30,4,30,3020,lpt_ls,,271,270,0.370370,0.085,b372510f7699a827
eval-m4-n30,4,30,3020,rol,1,271,270,0.370370,0.074,b372510f7699a827
eval-m4-n30,4,30,3021,lpt,,371,369,0.542005,0.017,101cf672438c1e40
eval-m4-n30,4,30,3021,multifit,,371,369,0.542005,0.060,6d11ad90c0179316
eval-m4-n30,4,30,3021,lpt_ls,,370,369,0.271003,0.139,92351bbff49489ff
eval-m4-n30,4,30,3021,rol,1,371,369,0.542005,0.082,101cf672438c1e40
eval-m4-n30,4,30,3022,lpt,,405,402,0.746269,0.018,932683e3ad8d0c6e
eval-m4-n30,4,30,3022,multifit,,404,402,0.497512,0.062,a0f37c2e36f09fb9
eval-m4-n30,4,30,3022,lpt_ls,,403,402,0.248756,0.140,2dd125937f5e4f4e
eval-m4-n30,4,30,3022,rol,1,404,402,0.497512,0.072,9d277fba6d9318ba
eval-m4-n30,4,30,3023,lpt,,340,339,0.294985,0.016,2b602af7a5e7703d
eval-m4-n30,4,30,3023,multifit,,340,339,0.294985,0.063,68cc81019e29bdfe
eval-m4-n30,4,30,3023,lpt_ls,,339,339,0.000000,0.186,750f94862664bfe1
eval-m4-n30,4,30,3023,rol,1,340,339,0.294985,0.100,2b602af7a5e7703d
eval-m4-n30,4,30,3024,lpt,,354,351,0.854701,0.020,8128dfff69daf2cd
eval-m4-n30,4,30,3024,multifit,,352,351,0.284900,0.065,881b8e21e102f7be
eval-m4-n30,4,30,3024,lpt_ls,,352,351,0.284900,0.182,f8d28b2062394758
eval-m4-n30,4,30,3024,rol,1,354,351,0.854701,0.084,8128dfff69daf2cd
eval-m4-n30,4,30,3025,lpt,,335,332,0.903614,0.018,f9dab3897b16251f
eval-m4-n30,4,30,3025,multifit,,332,332,0.000000,0.062,c19328c51968472a
eval-m4-n30,4,30,3025,lpt_ls,,332,332,0.000000,0.171,5299b38eafb70287
eval-m4-n30,4,30,3025,rol,1,332,332,0.000000,0.073,f41c213085b7c76f
eval-m4-n30,4,30,3026,lpt,,327,324,0.925926,0.016,656e688c96987c9c
eval-m4-n30,4,30,3026,multifit,,324,324,0.000000,0.061,2c8ef8fcf2d73988
eval-m4-n30,4,30,3026,lpt_ls,,325,324,0.308642,0.130,683ac566dd6c8fcc
eval-m4-n30,4,30,3026,rol,1,325,324,0.308642,0.073,d015101cd8f9b09d
eval-m4-n30,4,30,3027,lpt,,420,417,0.719424,0.017,9bd24c4c2c7e53e0
eval-m4-n30,4,30,3027,multifit,,419,417,0.479616,0.062,39b2e8c8da12bd3f
eval-m4-n30,4,30,3027,lpt_ls,,417,417,0.000000,0.205,a0d24835ef634363
eval-m4-n30,4,30,3027,rol,1,420,417,0.719424,0.069,9bd24c4c2c7e53e0
eval-m4-n30,4,30,3028,lpt,,362,358,1.117318,0.017,82bc2d708f181f49
eval-m4-n30,4,30,3028,multifit,,358,358,0.000000,0.064,071c2e1f557c29e7
eval-m4-n30,4,30,3028,lpt_ls,,358,358,0.000000,0.226,b52cc58aca73c92f
eval-m4-n30,4,30,3028,rol,1,361,358,0.837989,0.078,284c262bd39fe2a2
eval-m4-n30,4,30,3029,lpt,,344,341,0.879765,0.017,fb3911007c67b17c
eval-m4-n30,4,30,3029,multifit,,343,341,0.586510,0.060,40391e71fff517f2
eval-m4-n30,4,30,3029,lpt_ls,,343,341,0.586510,0.128,d29227d3a4ca0e37
eval-m4-n30,4,30,3029,rol,1,343,341,0.586510,0.068,706f7e5b8c35387c
eval-m4-n50,4,50,3000,lpt,,584,583,0.171527,0.025,7cc5c15f6d400ae5
eval-m4-n50,4,50,3000,multifit,,583,583,0.000000,0.103,b3c9a5ab4326353e
eval-m4-n50,4,50,3000,lpt_ls,,583,583,0.000000,0.191,a241e7e4b4a47dc3
eval-m4-n50,4,50,3000,rol,1,584,583,0.171527,0.109,7cc5c15f6d400ae5
eval-m4-n50,4,50,3001,lpt,,684,679,0.736377,0.025,0ef1206278f0c6bf
eval-m4-n50,4,50,3001,multifit,,679,679,0.000000,0.101,966aef335aa84896
eval-m4-n50,4,50,3001,lpt_ls,,679,679,0.000000,0.238,c2e80bee7b0703c7
eval-m4-n50,4,50,3001,rol,1,684,679,0.736377,0.123,0ef1206278f0c6bf
eval-m4-n50,4,50,3002,lpt,,563,563,0.000000,0.023,80b4daa35b1742d2
eval-m4-n50,4,50,3002,multifit,,564,563,0.177620,0.102,ef9269d9b925b2ca
eval-m4-n50,4,50,3002,lpt_ls,,563,563,0.000000,0.171,80b4daa35b1742d2
eval-m4-n50,4,50,3002,rol,1,563,563,0.000000,0.127,80b4daa35b1742d2
eval-m4-n50,4,50,3003,lpt,,603,600,0.500000,0.024,eb327bbd0cfa2033
eval-m4-n50,4,50,3003,multifit,,602,600,0.333333,0.108,9c719a634f043b6b
eval-m4-n50,4,50,3003,lpt_ls,,601,600,0.166667,0.154,2071bf811b7a7d99
eval-m4-n50,4,50,3003,rol,1,603,600,0.500000,0.103,eb327bbd0cfa2033
eval-m4-n50,4,50,3004,lpt,,651,649,0.308166,0.024,f916b1f842232a6d
eval-m4-n50,4,50,3004,multifit,,649,649,0.000000,0.103,3f3f78f1575173d3
eval-m4-n50,4,50,3004,lpt_ls,,651,649,0.308166,0.106,f916b1f842232a6d
eval-m4-n50,4,50,3004,rol,1,651,649,0.308166,0.108,f916b1f842232a6d
eval-m4-n50,4,50,3005,lpt,,685,683,0.292826,0.030,29d29688c899111f
eval-m4-n50,4,50,3005,multifit,,684,683,0.146413,0.104,4ded7359972e4482
eval-m4-n50,4,50,3005,lpt_ls,,683,683,0.000000,0.168,f216c7dbaec2b2ad
eval-m4-n50,4,50,3005,rol,1,684,683,0.146413,0.107,3761e60324fea853
eval-m4-n50,4,50,3006,lpt,,619,619,0.000000,0.027,213fa531f022a1c8
eval-m4-n50,4,50,3006,multifit,,619,619,0.000000,0.104,ef499d7e47e2b7ec
eval-m4-n50,4,50,3006,lpt_ls,,619,619,0.000000,0.080,213fa531f022a1c8
eval-m4-n50,4,50,3006,rol,1,619,619,0.000000,0.118,213fa531f022a1c8
eval-m4-n50,4,50,3007,lpt,,554,552,0.362319,0.025,0ddb622f45ce810e
eval-m4-n50,4,50,3007,multifit,,552,552,0.000000,0.102,654ddb37e550a4fa
eval-m4-n50,4,50,3007,lpt_ls,,553,552,0.181159,0.154,8d0ac856efcd894d
eval-m4-n50,4,50,3007,rol,1,554,552,0.362319,0.118,0ddb622f45ce810e
eval-m4-n50,4,50,3008,lpt,,605,605,0.000000,0.024,7234b28465f7a7b1
eval-m4-n50,4,50,3008,multifit,,605,605,0.000000,0.104,417f888bb9a5cefd
eval-m4-n50,4,50,3008,lpt_ls,,605,605,0.000000,0.142,7234b28465f7a7b1
eval-m4-n50,4,50,3008,rol,1,605,605,0.000000,0.112,7234b28465f7a7b1
eval-m4-n50,4,50,3009,lpt,,627,626,0.159744,0.024,f98968bd17faf036
eval-m4-n50,4,50,3009,multifit,,626,626,0.000000,0.102,7a2e998c595ab7a1
eval-m4-n50,4,50,3009,lpt_ls,,626,626,0.000000,0.121,0138fb407892d7f0
eval-m4-n50,4,50,3009,rol,1,627,626,0.159744,0.120,f98968bd17faf036
eval-m4-n50,4,50,3010,lpt,,705,703,0.284495,0.025,7a4fc3e25158c10e
eval-m4-n50,4,50,3010,multifit,,704,703,0.142248,0.107,13c05da417234ba5
eval-m4-n50,4,50,3010,lpt_ls,,704,703,0.142248,0.191,92000ad31c3b33c9
eval-m4-n50,4,50,3010,rol,1,705,703,0.284495,0.121,7a4fc3e25158c10e
eval-m4-n50,4,50,3011,lpt,,651,649,0.308166,0.025,b7de220541f53078
eval-m4-n50,4,50,3011,multifit,,650,649,0.154083,0.105,068b57108537e76e
eval-m4-n50,4,50,3011,lpt_ls,,650,649,0.154083,0.190,23f3c180072fb180
eval-m4-n50,4,50,3011,rol,1,650,649,0.154083,0.114,6c03a3830189b208
eval-m4-n50,4,50,3012,lpt,,636,636,0.000000,0.026,75c6339926b0f11c
eval-m4-n50,4,50,3012,multifit,,636,636,0.000000,0.102,f8920a0a72e67efb
eval-m4-n50,4,50,3012,lpt_ls,,636,636,0.000000,0.119,75c6339926b0f11c
eval-m4-n50,4,50,3012,rol,1,636,636,0.000000,0.122,75c6339926b0f11c
eval-m4-n50,4,50,3013,lpt,,656,654,0.305810,0.025,3dc52e24ce2a42cb
eval-m4-n50,4,50,3013,multifit,,654,654,0.000000,0.105,3b1f00a1633bbe55
eval-m4-n50,4,50,3013,lpt_ls,,655,654,0.152905,0.155,48276276bad3efb0
eval-m4-n50,4,50,3013,rol,1,656,654,0.305810,0.125,3dc52e24ce2a42cb
eval-m4-n50,4,50,3014,lpt,,585,585,0.000000,0.025,a2e9f7c2e8eafa66
eval-m4-n50,4,50,3014,multifit,,585,585,0.000000,0.099,04363ae2255114a4
eval-m4-n50,4,50,3014,lpt_ls,,585,585,0.000000,0.147,a2e9f7c2e8eafa66
eval-m4-n50,4,50,3014,rol,1,585,585,0.000000,0.129,a2e9f7c2e8eafa66
eval-m4-n50,4,50,3015,lpt,,588,587,0.170358,0.024,ba1b2a734f030735
eval-m4-n50,4,50,3015,multifit,,588,587,0.170358,0.102,01f9af07e812eefe
eval-m4-n50,4,50,3015,lpt_ls,,587,587,0.000000,0.219,6bd4ff49a9813bc0
eval-m4-n50,4,50,3015,rol,1,588,587,0.170358,0.129,ba1b2a734f030735
eval-m4-n50,4,50,3016,lpt,,621,619,0.323102,0.024,aa98a528e21f09e1
eval-m4-n50,4,50,3016,multifit,,621,619,0.323102,0.103,2d87b5e2d9fb03ff
eval-m4-n50,4,50,3016,lpt_ls,,621,619,0.323102,0.108,aa98a528e21f09e1
eval-m4-n50,4,50,3016,rol,1,621,619,0.323102,0.118,aa98a528e21f09e1
eval-m4-n50,4,50,3017,lpt,,617,616,0.162338,0.024,1155a51054e09dd3
eval-m4-n50,4,50,3017,multifit,,617,616,0.162338,0.103,8fab7af7be9e79b6
eval-m4-n50,4,50,3017,lpt_ls,,616,616,0.000000,0.212,0bb7950dff992cd5
eval-m4-n50,4,50,3017,rol,1,617,616,0.162338,0.095,1155a51054e09dd3
eval-m4-n50,4,50,3018,lpt,,718,717,0.139470,0.034,7e1aa0944e51dbfc
eval-m4-n50,4,50,3018,multifit,,717,717,0.000000,0.108,68fcb66e4a779804
eval-m4-n50,4,50,3018,lpt_ls,,717,717,0.000000,0.168,1501bdbacce44abc
eval-m4-n50,4,50,3018,rol,1,718,717,0.139470,0.131,7e1aa0944e51dbfc
eval-m4-n50,4,50,3019,lpt,,621,617,0.648298,0.024,dcc4435ef96b424d
eval-m4-n50,4,50,3019,multifit,,618,617,0.162075,0.107,8ee3b2c37dbacc40
eval-m4-n50,4,50,3019,lpt_ls,,617,617,0.000000,0.192,734ab4a26b05a4bd
eval-m4-n50,4,50,3019,rol,1,621,617,0.648298,0.119,dcc4435ef96b424d
eval-m4-n50,4,50,3020,lpt,,507,507,0.000000,0.024,f75c2bfbde12f273
eval-m4-n50,4,50,3020,multifit,,507,507,0.000000,0.102,e11186b32355cb80
eval-m4-n50,4,50,3020,lpt_ls,,507,507,0.000000,0.171,f75c2bfbde12f273
eval-m4-n50,4,50,3020,rol,1,507,507,0.000000,0.125,f75c2bfbde12f273
eval-m4-n50,4,50,3021,lpt,,621,620,0.161290,0.024,1f2e150e652ddd3e
eval-m4-n50,4,50,3021,multifit,,620,620,0.000000,0.101,f958ed373b8cf786
eval-m4-n50,4,50,3021,lpt_ls,,620,620,0.000000,0.211,77148f37a98368f2
eval-m4-n50,4,50,3021,rol,1,621,620,0.161290,0.136,1f2e150e652ddd3e
eval-m4-n50,4,50,3022,lpt,,634,631,0.475436,0.026,089f36376fd6fe3f
eval-m4-n50,4,50,3022,multifit,,631,631,0.000000,0.101,8279ee2da4105287
eval-m4-n50,4,50,3022,lpt_ls,,631,631,0.000000,0.238,37154089163fa49f
eval-m4-n50,4,50,3022,rol,1,634,631,0.475436,0.129,089f36376fd6fe3f
eval-m4-n50,4,50,3023,lpt,,603,602,0.166113,0.024,18c86008ec6e7f54
eval-m4-n50,4,50,3023,multifit,,602,602,0.000000,0.105,1a44de359f230c3a
eval-m4-n50,4,50,3023,lpt_ls,,602,602,0.000000,0.214,e16e86be637662c0
eval-m4-n50,4,50,3023,rol,1,603,602,0.166113,0.122,18c86008ec6e7f54
eval-m4-n50,4,50,3024,lpt,,573,571,0.350263,0.025,d705775ef5561182
eval-m4-n50,4,50,3024,multifit,,572,571,0.175131,0.115,6f3ea324011d9042
eval-m4-n50,4,50,3024,lpt_ls,,573,571,0.350263,0.114,d705775ef5561182
eval-m4-n50,4,50,3024,rol,1,573,571,0.350263,0.119,d705775ef5561182
eval-m4-n50,4,50,3025,lpt,,628,626,0.319489,0.025,7b92950e7c170de2
eval-m4-n50,4,50,3025,multifit,,626,626,0.000000,0.099,ffeab34bfc1b1db7
eval-m4-n50,4,50,3025,lpt_ls,,626,626,0.000000,0.151,14702eb5d8729327
eval-m4-n50,4,50,3025,rol,1,628,626,0.319489,0.125,7b92950e7c170de2
eval-m4-n50,4,50,3026,lpt,,628,626,0.319489,0.023,e2f909bc20fb0e28
eval-m4-n50,4,50,3026,multifit,,627,626,0.159744,0.102,197efd4e028bc79d
eval-m4-n50,4,50,3026,lpt_ls,,626,626,0.000000,0.118,42dc1f7d9ee99ed1
eval-m4-n50,4,50,3026,rol,1,628,626,0.319489,0.121,e2f909bc20fb0e28
eval-m4-n50,4,50,3027,lpt,,686,685,0.145985,0.025,56bb430d1fac8d34
eval-m4-n50,4,50,3027,multifit,,686,685,0.145985,0.111,d8e58a682c2c8519
eval-m4-n50,4,50,3027,lpt_ls,,686,685,0.145985,0.116,56bb430d1fac8d34
eval-m4-n50,4,50,3027,rol,1,686,685,0.145985,0.102,56bb430d1fac8d34
eval-m4-n50,4,50,3028,lpt,,608,604,0.662252,0.024,2395e7cbaa5fb201
eval-m4-n50,4,50,3028,multifit,,605,604,0.165563,0.108,661f792a72b1b57b
eval-m4-n50,4,50,3028,lpt_ls,,606,604,0.331126,0.156,ad0aaef13062c1ea
eval-m4-n50,4,50,3028,rol,1,608,604,0.662252,0.122,2395e7cbaa5fb201
eval-m4-n50,4,50,3029,lpt,,587,586,0.170648,0.025,7820f90d1e218f31
eval-m4-n50,4,50,3029,multifit,,586,586,0.000000,0.102,55a4eb57053f04b8
eval-m4-n50,4,50,3029,lpt_ls,,586,586,0.000000,0.210,a0f7dd1520aa8e08
eval-m4-n50,4,50,3029,rol,1,586,586,0.000000,0.104,a34fe7bac63d44b6
eval-m4-n100,4,100,3000,lpt,,1237,1237,0.000000,0.041,239b399d5677cf6e
eval-m4-n100,4,100,3000,multifit,,1237,1237,0.000000,0.206,e56c68a7b84a132d
eval-m4-n100,4,100,3000,lpt_ls,,1237,1237,0.000000,0.193,239b399d5677cf6e
eval-m4-n100,4,100,3000,rol,1,1237,1237,0.000000,0.215,239b399d5677cf6e
eval-m4-n100,4,100,3001,lpt,,1259,1258,0.079491,0.042,3160c47c1602dfd0
eval-m4-n100,4,100,3001,multifit,,1258,1258,0.000000,0.201,8e53b41e8d10c1db
eval-m4-n100,4,100,3001,lpt_ls,,1258,1258,0.000000,0.235,14a5b8377647a591
eval-m4-n100,4,100,3001,rol,1,1259,1258,0.079491,0.231,3160c47c1602dfd0
eval-m4-n100,4,100,3002,lpt,,1127,1127,0.000000,0.044,0cc51ca402440682
eval-m4-n100,4,100,3002,multifit,,1127,1127,0.000000,0.219,989850486643730a
eval-m4-n100,4,100,3002,lpt_ls,,1127,1127,0.000000,0.140,0cc51ca402440682
eval-m4-n100,4,100,3002,rol,1,1127,1127,0.000000,0.197,0cc51ca402440682
eval-m4-n100,4,100,3003,lpt,,1262,1260,0.158730,0.044,34ad597ddc23ffe6
eval-m4-n100,4,100,3003,multifit,,1260,1260,0.000000,0.243,21bf38eda7db6b9d
eval-m4-n100,4,100,3003,lpt_ls,,1261,1260,0.079365,0.229,710b8d7ed622f483
eval-m4-n100,4,100,3003,rol,1,1262,1260,0.158730,0.184,34ad597ddc23ffe6
eval-m4-n100,4,100,3004,lpt,,1396,1395,0.071685,0.046,91429b41c84314a7
eval-m4-n100,4,100,3004,multifit,,1396,1395,0.071685,0.227,c0807b2cf5bd0890
eval-m4-n100,4,100,3004,lpt_ls,,1395,1395,0.000000,0.256,b4ec737e324a3c1b
eval-m4-n100,4,100,3004,rol,1,1396,1395,0.071685,0.200,91429b41c84314a7
eval-m4-n100,4,100,3005,lpt,,1305,1304,0.076687,0.042,73e17904f5cbdc59
eval-m4-n100,4,100,3005,multifit,,1304,1304,0.000000,0.213,7280b5146e0ed809
eval-m4-n100,4,100,3005,lpt_ls,,1304,1304,0.000000,0.216,3930ca77d7cc9bcf
eval-m4-n100,4,100,3005,rol,1,1305,1304,0.076687,0.192,73e17904f5cbdc59
eval-m4-n100,4,100,3006,lpt,,1284,1284,0.000000,0.043,fa7fd062eb9c83a6
eval-m4-n100,4,100,3006,multifit,,1284,1284,0.000000,0.205,d0e5ac7023a3a505
eval-m4-n100,4,100,3006,lpt_ls,,1284,1284,0.000000,0.225,fa7fd062eb9c83a6
eval-m4-n100,4,100,3006,rol,1,1284,1284,0.000000,0.246,fa7fd062eb9c83a6
eval-m4-n100,4,100,3007,lpt,,1079,1078,0.092764,0.042,0500bdf3c895b509
eval-m4-n100,4,100,3007,multifit,,1078,1078,0.000000,0.202,0290d22b0b1900be
eval-m4-n100,4,100,3007,lpt_ls,,1078,1078,0.000000,0.261,88142558a010d063
eval-m4-n100,4,100,3007,rol,1,1079,1078,0.092764,0.233,0500bdf3c895b509
eval-m4-n100,4,100,3008,lpt,,1248,1248,0.000000,0.041,f2a3e2210b851cef
eval-m4-n100,4,100,3008,multifit,,1248,1248,0.000000,0.212,429af7bf9fbe376d
eval-m4-n100,4,100,3008,lpt_ls,,1248,1248,0.000000,0.167,f2a3e2210b851cef
eval-m4-n100,4,100,3008,rol,1,1248,1248,0.000000,0.238,f2a3e2210b851cef
eval-m4-n100,4,100,3009,lpt,,1299,1299,0.000000,0.040,1ddf36c0322bf711
eval-m4-n100,4,100,3009,multifit,,1299,1299,0.000000,0.202,1ec5656bc6b6b311
eval-m4-n100,4,100,3009,lpt_ls,,1299,1299,0.000000,0.176,1ddf36c0322bf711
eval-m4-n100,4,100,3009,rol,1,1299,1299,0.000000,0.270,1ddf36c0322bf711
eval-m4-n100,4,100,3010,lpt,,1383,1382,0.072359,0.044,cae8e814eca5844c
eval-m4-n100,4,100,3010,multifit,,1382,1382,0.000000,0.224,789e341d708adba1
eval-m4-n100,4,100,3010,lpt_ls,,1382,1382,0.000000,0.187,285a9336aa4ef1c6
eval-m4-n100,4,100,3010,rol,1,1383,1382,0.072359,0.213,cae8e814eca5844c
eval-m4-n100,4,100,3011,lpt,,1206,1206,0.000000,0.041,86d07681758f3e22
eval-m4-n100,4,100,3011,multifit,,1206,1206,0.000000,0.216,4f777f6ffb3c286b
eval-m4-n100,4,100,3011,lpt_ls,,1206,1206,0.000000,0.132,86d07681758f3e22
eval-m4-n100,4,100,3011,rol,1,1206,1206,0.000000,0.213,86d07681758f3e22
eval-m4-n100,4,100,3012,lpt,,1242,1241,0.080580,0.042,1ac31c13f572c5d1
eval-m4-n100,4,100,3012,multifit,,1241,1241,0.000000,0.215,203edafe6825cb92
eval-m4-n100,4,100,3012,lpt_ls,,1241,1241,0.000000,0.249,4c346e6d3e4d8991
eval-m4-n100,4,100,3012,rol,1,1242,1241,0.080580,0.242,1ac31c13f572c5d1
eval-m4-n100,4,100,3013,lpt,,1188,1188,0.000000,0.042,6069c5fdd1c87b4a
eval-m4-n100,4,100,3013,multifit,,1188,1188,0.000000,0.199,79ac919e87bf91e0
eval-m4-n100,4,100,3013,lpt_ls,,1188,1188,0.000000,0.097,6069c5fdd1c87b4a
eval-m4-n100,4,100,3013,rol,1,1188,1188,0.000000,0.181,6069c5fdd1c87b4a
eval-m4-n100,4,100,3014,lpt,,1181,1180,0.084746,0.041,9b181b4eefaa1f78
eval-m4-n100,4,100,3014,multifit,,1180,1180,0.000000,0.207,7a2d0d66811e0b46
eval-m4-n100,4,100,3014,lpt_ls,,1180,1180,0.000000,0.251,3237ebf10e8db0e5
eval-m4-n100,4,100,3014,rol,1,1181,1180,0.084746,0.193,9b181b4eefaa1f78
eval-m4-n100,4,100,3015,lpt,,1211,1211,0.000000,0.042,f3ae3b0bbcddecd7
eval-m4-n100,4,100,3015,multifit,,1211,1211,0.000000,0.209,90a7ed8d9d14582f
eval-m4-n100,4,100,3015,lpt_ls,,1211,1211,0.000000,0.170,f3ae3b0bbcddecd7
eval-m4-n100,4,100,3015,rol,1,1211,1211,0.000000,0.232,f3ae3b0bbcddecd7
eval-m4-n100,4,100,3016,lpt,,1171,1170,0.085470,0.043,7551dfc6065c32fb
eval-m4-n100,4,100,3016,multifit,,1170,1170,0.000000,0.215,e933df21a2bf5355
eval-m4-n100,4,100,3016,lpt_ls,,1170,1170,0.000000,0.214,0be7385530530dfd
eval-m4-n100,4,100,3016,rol,1,1171,1170,0.085470,0.207,7551dfc6065c32fb
eval-m4-n100,4,100,3017,lpt,,1290,1290,0.000000,0.042,537053122e12348e
eval-m4-n100,4,100,3017,multifit,,1290,1290,0.000000,0.204,ebb5af9687819eec
eval-m4-n100,4,100,3017,lpt_ls,,1290,1290,0.000000,0.104,537053122e12348e
eval-m4-n100,4,100,3017,rol,1,1290,1290,0.000000,0.213,537053122e12348e
eval-m4-n100,4,100,3018,lpt,,1321,1320,0.075758,0.042,ebffbff21ac80909
eval-m4-n100,4,100,3018,multifit,,1320,1320,0.000000,0.211,6096c97b339c37a9
eval-m4-n100,4,100,3018,lpt_ls,,1321,1320,0.075758,0.137,ebffbff21ac80909
eval-m4-n100,4,100,3018,rol,1,1321,1320,0.075758,0.215,ebffbff21ac80909
eval-m4-n100,4,100,3019,lpt,,1277,1276,0.078370,0.041,40468bd14cfc9e9a
eval-m4-n100,4,100,3019,multifit,,1276,1276,0.000000,0.202,05cc24d356f58b76
eval-m4-n100,4,100,3019,lpt_ls,,1276,1276,0.000000,0.223,e2282aec0de53752
eval-m4-n100,4,100,3019,rol,1,1277,1276,0.078370,0.223,40468bd14cfc9e9a
eval-m4-n100,4,100,3020,lpt,,1166,1166,0.000000,0.041,438345da7eb4acf0
eval-m4-n100,4,100,3020,multifit,,1166,1166,0.000000,0.211,7815197dcfb67097
eval-m4-n100,4,100,3020,lpt_ls,,1166,1166,0.000000,0.202,438345da7eb4acf0
eval-m4-n100,4,100,3020,rol,1,1166,1166,0.000000,0.176,438345da7eb4acf0
eval-m4-n100,4,100,3021,lpt,,1280,1280,0.000000,0.044,1b05144ca6d0f0fa
eval-m4-n100,4,100,3021,multifit,,1280,1280,0.000000,0.200,3be106d9d8a0035d
eval-m4-n100,4,100,3021,lpt_ls,,1280,1280,0.000000,0.133,1b05144ca6d0f0fa
eval-m4-n100,4,100,3021,rol,1,1280,1280,0.000000,0.180,1b05144ca6d0f0fa
eval-m4-n100,4,100,3022,lpt,,1352,1351,0.074019,0.043,978605cab4930ad9
eval-m4-n100,4,100,3022,multifit,,1352,1351,0.074019,0.215,d34678544557aab5
eval-m4-n100,4,100,3022,lpt_ls,,1351,1351,0.000000,0.365,b80af189b0d74934
eval-m4-n100,4,100,3022,rol,1,1352,1351,0.074019,0.215,978605cab4930ad9
eval-m4-n100,4,100,3023,lpt,,1283,1283,0.000000,0.043,226b24551a3abb4a
eval-m4-n100,4,100,3023,multifit,,1283,1283,0.000000,0.207,b4500691a3b60e26
eval-m4-n100,4,100,3023,lpt_ls,,1283,1283,0.000000,0.148,226b24551a3abb4a
eval-m4-n100,4,100,3023,rol,1,1283,1283,0.000000,0.191,226b24551a3abb4a
eval-m4-n100,4,100,3024,lpt,,1101,1100,0.090909,0.068,1fcb6ca9ba643356
eval-m4-n100,4,100,3024,multifit,,1101,1100,0.090909,0.219,39d52d3dee305760
eval-m4-n100,4,100,3024,lpt_ls,,1100,1100,0.000000,0.237,e07324612cafc584
eval-m4-n100,4,100,3024,rol,1,1101,1100,0.090909,0.225,1fcb6ca9ba643356
eval-m4-n100,4,100,3025,lpt,,1175,1174,0.085179,0.043,2376b3df82633bf3
eval-m4-n100,4,100,3025,multifit,,1174,1174,0.000000,0.213,d1c314f22d7aec1f
eval-m4-n100,4,100,3025,lpt_ls,,1174,1174,0.000000,0.218,727167643738a96f
eval-m4-n100,4,100,3025,rol,1,1175,1174,0.085179,0.241,2376b3df82633bf3
eval-m4-n100,4,100,3026,lpt,,1331,1328,0.225904,0.055,bb26d7c2e36cb781
eval-m4-n100,4,100,3026,multifit,,1328,1328,0.000000,0.213,014d01062e7c214b
eval-m4-n100,4,100,3026,lpt_ls,,1329,1328,0.075301,0.206,4c8ecfbe28020e43
eval-m4-n100,4,100,3026,rol,1,1331,1328,0.225904,0.178,bb26d7c2e36cb781
eval-m4-n100,4,100,3027,lpt,,1214,1214,0.000000,0.043,ede3054893bdb8fc
eval-m4-n100,4,100,3027,multifit,,1214,1214,0.000000,0.206,814b838c1de12487
eval-m4-n100,4,100,3027,lpt_ls,,1214,1214,0.000000,0.213,ede3054893bdb8fc
eval-m4-n100,4,100,3027,rol,1,1214,1214,0.000000,0.197,ede3054893bdb8fc
eval-m4-n100,4,100,3028,lpt,,1215,1215,0.000000,0.041,a834e22eb80b8a60
eval-m4-n100,4,100,3028,multifit,,1215,1215,0.000000,0.216,b36ce8ca8a2fe631
eval-m4-n100,4,100,3028,lpt_ls,,1215,1215,0.000000,0.195,a834e22eb80b8a60
eval-m4-n100,4,100,3028,rol,1,1215,1215,0.000000,0.238,a834e22eb80b8a60
eval-m4-n100,4,100,3029,lpt,,1320,1317,0.227790,0.042,60da0364b999a008
eval-m4-n100,4,100,3029,multifit,,1317,1317,0.000000,0.205,406845ae900edbb3
eval-m4-n100,4,100,3029,lpt_ls,,1317,1317,0.000000,0.186,3cfa8e11b69ac44a
eval-m4-n100,4,100,3029,rol,1,1320,1317,0.227790,0.193,60da0364b999a008
eval-m4-n200,4,200,3000,lpt,,2488,2488,0.000000,0.079,f21b1e83e78699e5
eval-m4-n200,4,200,3000,multifit,,2488,2488,0.000000,0.424,afc6c10e915829f6
eval-m4-n200,4,200,3000,lpt_ls,,2488,2488,0.000000,0.385,f21b1e83e78699e5
eval-m4-n200,4,200,3000,rol,1,2488,2488,0.000000,0.414,f21b1e83e78699e5
eval-m4-n200,4,200,3001,lpt,,2580,2580,0.000000,0.079,6b6135ec37e4209c
eval-m4-n200,4,200,3001,multifit,,2580,2580,0.000000,0.438,12e0ba8efe4df635
eval-m4-n200,4,200,3001,lpt_ls,,2580,2580,0.000000,0.224,6b6135ec37e4209c
eval-m4-n200,4,200,3001,rol,1,2580,2580,0.000000,0.456,6b6135ec37e4209c
eval-m4-n200,4,200,3002,lpt,,2384,2384,0.000000,0.077,989ae9cedb4d2a4f
eval-m4-n200,4,200,3002,multifit,,2384,2384,0.000000,0.432,1bf030c7e3670053
eval-m4-n200,4,200,3002,lpt_ls,,2384,2384,0.000000,0.213,989ae9cedb4d2a4f
eval-m4-n200,4,200,3002,rol,1,2384,2384,0.000000,0.335,989ae9cedb4d2a4f
eval-m4-n200,4,200,3003,lpt,,2630,2629,0.038037,0.077,e477bea9fd01f535
eval-m4-n200,4,200,3003,multifit,,2629,2629,0.000000,0.429,b9f6e1a549e6c978
eval-m4-n200,4,200,3003,lpt_ls,,2629,2629,0.000000,0.338,d3a3cf283aa84b15
eval-m4-n200,4,200,3003,rol,1,2630,2629,0.038037,0.330,e477bea9fd01f535
eval-m4-n200,4,200,3004,lpt,,2667,2667,0.000000,0.081,c3d83b9133541bed
eval-m4-n200,4,200,3004,multifit,,2667,2667,0.000000,0.421,2d3df4461e65eba8
eval-m4-n200,4,200,3004,lpt_ls,,2667,2667,0.000000,0.271,c3d83b9133541bed
eval-m4-n200,4,200,3004,rol,1,2667,2667,0.000000,0.337,c3d83b9133541bed
eval-m4-n200,4,200,3005,lpt,,2522,2522,0.000000,0.075,60ca59480f0943a6
eval-m4-n200,4,200,3005,multifit,,2522,2522,0.000000,0.444,82d90a94773fbc91
eval-m4-n200,4,200,3005,lpt_ls,,2522,2522,0.000000,0.307,60ca59480f0943a6
eval-m4-n200,4,200,3005,rol,1,2522,2522,0.000000,0.370,60ca59480f0943a6
eval-m4-n200,4,200,3006,lpt,,2620,2620,0.000000,0.082,5ba09b98505ae428
eval-m4-n200,4,200,3006,multifit,,2620,2620,0.000000,0.422,c8f18816a6b8940e
eval-m4-n200,4,200,3006,lpt_ls,,2620,2620,0.000000,0.165,5ba09b98505ae428
eval-m4-n200,4,200,3006,rol,1,2620,2620,0.000000,0.368,5ba09b98505ae428
eval-m4-n200,4,200,3007,lpt,,2443,2443,0.000000,0.077,ed52a7fd905e387d
eval-m4-n200,4,200,3007,multifit,,2443,2443,0.000000,0.446,7a971d59952a4d28
eval-m4-n200,4,200,3007,lpt_ls,,2443,2443,0.000000,0.322,ed52a7fd905e387d
eval-m4-n200,4,200,3007,rol,1,2443,2443,0.000000,0.374,ed52a7fd905e387d
eval-m4-n200,4,200,3008,lpt,,2428,2428,0.000000,0.076,5327ee16d488438d
eval-m4-n200,4,200,3008,multifit,,2428,2428,0.000000,0.422,e3a5234fe665800f
eval-m4-n200,4,200,3008,lpt_ls,,2428,2428,0.000000,0.164,5327ee16d488438d
eval-m4-n200,4,200,3008,rol,1,2428,2428,0.000000,0.337,5327ee16d488438d
eval-m4-n200,4,200,3009,lpt,,2651,2651,0.000000,0.077,90e96b3a4447a93a
eval-m4-n200,4,200,3009,multifit,,2651,2651,0.000000,0.432,b9a02718b257cf9e
eval-m4-n200,4,200,3009,lpt_ls,,2651,2651,0.000000,0.268,90e96b3a4447a93a
eval-m4-n200,4,200,3009,rol,1,2651,2651,0.000000,0.371,90e96b3a4447a93a
eval-m4-n200,4,200,3010,lpt,,2816,2816,0.000000,0.076,790a7d7651e2c508
eval-m4-n200,4,200,3010,multifit,,2816,2816,0.000000,0.471,297ed3e16ba4a62a
eval-m4-n200,4,200,3010,lpt_ls,,2816,2816,0.000000,0.212,790a7d7651e2c508
eval-m4-n200,4,200,3010,rol,1,2816,2816,0.000000,0.421,790a7d7651e2c508
eval-m4-n200,4,200,3011,lpt,,2460,2460,0.000000,0.076,fef7b4e855f15f03
eval-m4-n200,4,200,3011,multifit,,2460,2460,0.000000,0.432,f66653e6bd7fa1b4
eval-m4-n200,4,200,3011,lpt_ls,,2460,2460,0.000000,0.213,fef7b4e855f15f03
eval-m4-n200,4,200,3011,rol,1,2460,2460,0.000000,0.434,fef7b4e855f15f03
eval-m4-n200,4,200,3012,lpt,,2514,2514,0.000000,0.079,88036b932d3a8d5d
eval-m4-n200,4,200,3012,multifit,,2514,2514,0.000000,0.431,97662546aa3dfba2
eval-m4-n200,4,200,3012,lpt_ls,,2514,2514,0.000000,0.159,88036b932d3a8d5d
eval-m4-n200,4,200,3012,rol,1,2514,2514,0.000000,0.379,88036b932d3a8d5d
eval-m4-n200,4,200,3013,lpt,,2328,2328,0.000000,0.074,b67c8114280b070c
eval-m4-n200,4,200,3013,multifit,,2328,2328,0.000000,0.439,8a4d5c17b2053261
eval-m4-n200,4,200,3013,lpt_ls,,2328,2328,0.000000,0.314,b67c8114280b070c
eval-m4-n200,4,200,3013,rol,1,2328,2328,0.000000,0.355,b67c8114280b070c
eval-m4-n200,4,200,3014,lpt,,2388,2388,0.000000,0.075,c24a52fb3317877d
eval-m4-n200,4,200,3014,multifit,,2388,2388,0.000000,0.421,77873bf2693828f7
eval-m4-n200,4,200,3014,lpt_ls,,2388,2388,0.000000,0.157,c24a52fb3317877d
eval-m4-n200,4,200,3014,rol,1,2388,2388,0.000000,0.343,c24a52fb3317877d
eval-m4-n200,4,200,3015,lpt,,2384,2384,0.000000,0.077,2393837f46fbdbfc
eval-m4-n200,4,200,3015,multifit,,2384,2384,0.000000,0.434,bd3f93cd04e48838
eval-m4-n200,4,200,3015,lpt_ls,,2384,2384,0.000000,0.315,2393837f46fbdbfc
eval-m4-n200,4,200,3015,rol,1,2384,2384,0.000000,0.417,2393837f46fbdbfc
eval-m4-n200,4,200,3016,lpt,,2498,2498,0.000000,0.077,6f0ee5bb2f0c5579
eval-m4-n200,4,200,3016,multifit,,2498,2498,0.000000,0.426,cd40eaeb4ffda67b
eval-m4-n200,4,200,3016,lpt_ls,,2498,2498,0.000000,0.165,6f0ee5bb2f0c5579
eval-m4-n200,4,200,3016,rol,1,2498,2498,0.000000,0.345,6f0ee5bb2f0c5579
eval-m4-n200,4,200,3017,lpt,,2483,2483,0.000000,0.077,3ac3559fa193cb56
eval-m4-n200,4,200,3017,multifit,,2483,2483,0.000000,0.425,4ab8c721b6647f45
eval-m4-n200,4,200,3017,lpt_ls,,2483,2483,0.000000,0.161,3ac3559fa193cb56
eval-m4-n200,4,200,3017,rol,1,2483,2483,0.000000,0.339,3ac3559fa193cb56
eval-m4-n200,4,200,3018,lpt,,2542,2542,0.000000,0.078,028dd13daa3193cb
eval-m4-n200,4,200,3018,multifit,,2542,2542,0.000000,0.427,956d77a49e7d6fda
eval-m4-n200,4,200,3018,lpt_ls,,2542,2542,0.000000,0.215,028dd13daa3193cb
eval-m4-n200,4,200,3018,rol,1,2542,2542,0.000000,0.440,028dd13daa3193cb
eval-m4-n200,4,200,3019,lpt,,2564,2564,0.000000,0.075,68c696a23b91e2e3
eval-m4-n200,4,200,3019,multifit,,2564,2564,0.000000,0.437,f39939fa31e5644c
eval-m4-n200,4,200,3019,lpt_ls,,2564,2564,0.000000,0.170,68c696a23b91e2e3
eval-m4-n200,4,200,3019,rol,1,2564,2564,0.000000,0.363,68c696a23b91e2e3
eval-m4-n200,4,200,3020,lpt,,2375,2375,0.000000,0.137,44bcee8d41ce82bc
eval-m4-n200,4,200,3020,multifit,,2375,2375,0.000000,0.433,69e3f7f018b86ad5
eval-m4-n200,4,200,3020,lpt_ls,,2375,2375,0.000000,0.193,44bcee8d41ce82bc
eval-m4-n200,4,200,3020,rol,1,2375,2375,0.000000,0.415,44bcee8d41ce82bc
eval-m4-n200,4,200,3021,lpt,,2506,2506,0.000000,0.079,f4cbb5d607e06387
eval-m4-n200,4,200,3021,multifit,,2506,2506,0.000000,0.426,80a01effbc99c91e
eval-m4-n200,4,200,3021,lpt_ls,,2506,2506,0.000000,0.324,f4cbb5d607e06387
eval-m4-n200,4,200,3021,rol,1,2506,2506,0.000000,0.348,f4cbb5d607e06387
eval-m4-n200,4,200,3022,lpt,,2576,2576,0.000000,0.078,64bd26e16cb54db3
eval-m4-n200,4,200,3022,multifit,,2576,2576,0.000000,0.444,6e9f87110d858eaf
eval-m4-n200,4,200,3022,lpt_ls,,2576,2576,0.000000,0.267,64bd26e16cb54db3
eval-m4-n200,4,200,3022,rol,1,2576,2576,0.000000,0.359,64bd26e16cb54db3
eval-m4-n200,4,200,3023,lpt,,2485,2485,0.000000,0.080,8bb6bef5f68e9211
eval-m4-n200,4,200,3023,multifit,,2485,2485,0.000000,0.450,76a283746f7c5ca1
eval-m4-n200,4,200,3023,lpt_ls,,2485,2485,0.000000,0.213,8bb6bef5f68e9211
eval-m4-n200,4,200,3023,rol,1,2485,2485,0.000000,0.335,8bb6bef5f68e9211
eval-m4-n200,4,200,3024,lpt,,2355,2354,0.042481,0.081,7c42b0509eafbc57
eval-m4-n200,4,200,3024,multifit,,2354,2354,0.000000,0.431,e5a3231e0e2c150d
eval-m4-n200,4,200,3024,lpt_ls,,2354,2354,0.000000,0.345,354cf80dfe689fd0
eval-m4-n200,4,200,3024,rol,1,2355,2354,0.042481,0.420,7c42b0509eafbc57
eval-m4-n200,4,200,3025,lpt,,2287,2287,0.000000,0.077,6d59d93279c39369
eval-m4-n200,4,200,3025,multifit,,2287,2287,0.000000,0.424,8e90e1dde1149e31
eval-m4-n200,4,200,3025,lpt_ls,,2287,2287,0.000000,0.217,6d59d93279c39369
eval-m4-n200,4,200,3025,rol,1,2287,2287,0.000000,0.375,6d59d93279c39369
eval-m4-n200,4,200,3026,lpt,,2540,2540,0.000000,0.080,c11ba3a8c87d9286
eval-m4-n200,4,200,3026,multifit,,2540,2540,0.000000,0.429,1bb0a8dae657aefd
eval-m4-n200,4,200,3026,lpt_ls,,2540,2540,0.000000,0.279,c11ba3a8c87d9286
eval-m4-n200,4,200,3026,rol,1,2540,2540,0.000000,0.350,c11ba3a8c87d9286
eval-m4-n200,4,200,3027,lpt,,2623,2623,0.000000,0.079,637611ca55ba2a91
eval-m4-n200,4,200,3027,multifit,,2623,2623,0.000000,0.444,a95bed5019850520
eval-m4-n200,4,200,3027,lpt_ls,,2623,2623,0.000000,0.169,637611ca55ba2a91
eval-m4-n200,4,200,3027,rol,1,2623,2623,0.000000,0.346,637611ca55ba2a91
eval-m4-n200,4,200,3028,lpt,,2491,2491,0.000000,0.079,a8a9b25f3ba24eb4
eval-m4-n200,4,200,3028,multifit,,2491,2491,0.000000,0.433,cad1b8ba8657b051
eval-m4-n200,4,200,3028,lpt_ls,,2491,2491,0.000000,0.221,a8a9b25f3ba24eb4
eval-m4-n200,4,200,3028,rol,1,2491,2491,0.000000,0.420,a8a9b25f3ba24eb4
eval-m4-n200,4,200,3029,lpt,,2506,2506,0.000000,0.077,b31171e0d91e0479
eval-m4-n200,4,200,3029,multifit,,2506,2506,0.000000,0.434,7e07a55410d29626
eval-m4-n200,4,200,3029,lpt_ls,,2506,2506,0.000000,0.213,b31171e0d91e0479
eval-m4-n200,4,200,3029,rol,1,2506,2506,0.000000,0.356,b31171e0d91e0479
eval-m4-n500,4,500,3000,lpt,,6211,6211,0.000000,0.185,1c56b4bd0e13554c
eval-m4-n500,4,500,3000,multifit,,6211,6211,0.000000,1.195,d571dad463e43da6
eval-m4-n500,4,500,3000,lpt_ls,,6211,6211,0.000000,0.610,1c56b4bd0e13554c
eval-m4-n500,4,500,3000,rol,1,6211,6211,0.000000,0.950,1c56b4bd0e13554c
eval-m4-n500,4,500,3001,lpt,,5969,5969,0.000000,0.197,5ad7f6d4754818a5
eval-m4-n500,4,500,3001,multifit,,5969,5969,0.000000,2.432,8991d365edaf168b
eval-m4-n500,4,500,3001,lpt_ls,,5969,5969,0.000000,1.455,5ad7f6d4754818a5
eval-m4-n500,4,500,3001,rol,1,5969,5969,0.000000,2.015,5ad7f6d4754818a5
eval-m4-n500,4,500,3002,lpt,,6247,6247,0.000000,0.374,4edd63b895fbc1e0
eval-m4-n500,4,500,3002,multifit,,6247,6247,0.000000,1.950,dd962d1615e2ee72
eval-m4-n500,4,500,3002,lpt_ls,,6247,6247,0.000000,0.915,4edd63b895fbc1e0
eval-m4-n500,4,500,3002,rol,1,6247,6247,0.000000,0.819,4edd63b895fbc1e0
eval-m4-n500,4,500,3003,lpt,,6358,6358,0.000000,0.180,fd2b391114dccbeb
eval-m4-n500,4,500,3003,multifit,,6358,6358,0.000000,1.202,062ac4ce69962212
eval-m4-n500,4,500,3003,lpt_ls,,6358,6358,0.000000,0.839,fd2b391114dccbeb
eval-m4-n500,4,500,3003,rol,1,6358,6358,0.000000,0.823,fd2b391114dccbeb
eval-m4-n500,4,500,3004,lpt,,6364,6364,0.000000,0.185,4eb25e666bf714b0
eval-m4-n500,4,500,3004,multifit,,6364,6364,0.000000,1.251,d518112a4d1ff619
eval-m4-n500,4,500,3004,lpt_ls,,6364,6364,0.000000,1.148,4eb25e666bf714b0
eval-m4-n500,4,500,3004,rol,1,6364,6364,0.000000,0.840,4eb25e666bf714b0
eval-m4-n500,4,500,3005,lpt,,6151,6151,0.000000,0.186,adaa87b35b4613ed
eval-m4-n500,4,500,3005,multifit,,6151,6151,0.000000,1.209,e108fdbdb8386b5b
eval-m4-n500,4,500,3005,lpt_ls,,6151,6151,0.000000,0.876,adaa87b35b4613ed
eval-m4-n500,4,500,3005,rol,1,6151,6151,0.000000,0.809,adaa87b35b4613ed
eval-m4-n500,4,500,3006,lpt,,6405,6405,0.000000,0.187,806ece3f7f95105f
eval-m4-n500,4,500,3006,multifit,,6405,6405,0.000000,1.233,b8d99b5db520eef7
eval-m4-n500,4,500,3006,lpt_ls,,6405,6405,0.000000,0.709,806ece3f7f95105f
eval-m4-n500,4,500,3006,rol,1,6405,6405,0.000000,0.803,806ece3f7f95105f
eval-m4-n500,4,500,3007,lpt,,6126,6126,0.000000,0.178,a2e6682c92e5156e
eval-m4-n500,4,500,3007,multifit,,6126,6126,0.000000,1.199,5525aba2e79c6fd6
eval-m4-n500,4,500,3007,lpt_ls,,6126,6126,0.000000,0.628,a2e6682c92e5156e
eval-m4-n500,4,500,3007,rol,1,6126,6126,0.000000,0.819,a2e6682c92e5156e
eval-m4-n500,4,500,3008,lpt,,6021,6021,0.000000,0.184,4dc5d92696f21d21
eval-m4-n500,4,500,3008,multifit,,6021,6021,0.000000,1.186,a6af820559c542a9
eval-m4-n500,4,500,3008,lpt_ls,,6021,6021,0.000000,0.606,4dc5d92696f21d21
eval-m4-n500,4,500,3008,rol,1,6021,6021,0.000000,0.781,4dc5d92696f21d21
eval-m4-n500,4,500,3009,lpt,,6551,6551,0.000000,0.188,807b7098504e0282
eval-m4-n500,4,500,3009,multifit,,6551,6551,0.000000,1.232,d5bae873f0083d61
eval-m4-n500,4,500,3009,lpt_ls,,6551,6551,0.000000,0.916,807b7098504e0282
eval-m4-n500,4,500,3009,rol,1,6551,6551,0.000000,0.825,807b7098504e0282
eval-m4-n500,4,500,3010,lpt,,6188,6188,0.000000,0.187,18c78830542239f3
eval-m4-n500,4,500,3010,multifit,,6188,6188,0.000000,1.220,d7cd51d0c725b517
eval-m4-n500,4,500,3010,lpt_ls,,6188,6188,0.000000,0.951,18c78830542239f3
eval-m4-n500,4,500,3010,rol,1,6188,6188,0.000000,0.786,18c78830542239f3
eval-m4-n500,4,500,3011,lpt,,5989,5989,0.000000,0.179,194dddc145e2f8d3
eval-m4-n500,4,500,3011,multifit,,5989,5989,0.000000,1.157,f64635d5ff92b818
eval-m4-n500,4,500,3011,lpt_ls,,5989,5989,0.000000,0.871,194dddc145e2f8d3
eval-m4-n500,4,500,3011,rol,1,5989,5989,0.000000,0.903,194dddc145e2f8d3
eval-m4-n500,4,500,3012,lpt,,6449,6449,0.000000,0.177,d70f48fdfa1fc44f
eval-m4-n500,4,500,3012,multifit,,6449,6449,0.000000,1.168,5bcbeb8520326df1
eval-m4-n500,4,500,3012,lpt_ls,,6449,6449,0.000000,0.814,d70f48fdfa1fc44f
eval-m4-n500,4,500,3012,rol,1,6449,6449,0.000000,0.785,d70f48fdfa1fc44f
eval-m4-n500,4,500,3013,lpt,,6122,6122,0.000000,0.172,34a59e44c41d4875
eval-m4-n500,4,500,3013,multifit,,6122,6122,0.000000,1.155,9181283ed5998a90
eval-m4-n500,4,500,3013,lpt_ls,,6122,6122,0.000000,0.920,34a59e44c41d4875
eval-m4-n500,4,500,3013,rol,1,6122,6122,0.000000,0.919,34a59e44c41d4875
eval-m4-n500,4,500,3014,lpt,,6206,6206,0.000000,0.188,400d90d5cda13dce
eval-m4-n500,4,500,3014,multifit,,6206,6206,0.000000,1.244,fe8c81ce9a34fa70
eval-m4-n500,4,500,3014,lpt_ls,,6206,6206,0.000000,0.791,400d90d5cda13dce
eval-m4-n500,4,500,3014,rol,1,6206,6206,0.000000,0.845,400d90d5cda13dce
eval-m4-n500,4,500,3015,lpt,,6081,6081,0.000000,0.187,384d074d4078baac
eval-m4-n500,4,500,3015,multifit,,6081,6081,0.000000,1.233,8bb496a2127bbf75
eval-m4-n500,4,500,3015,lpt_ls,,6081,6081,0.000000,0.961,384d074d4078baac
eval-m4-n500,4,500,3015,rol,1,6081,6081,0.000000,0.822,384d074d4078baac
eval-m4-n500,4,500,3016,lpt,,6263,6263,0.000000,0.187,8a8eff6c00283b4a
eval-m4-n500,4,500,3016,multifit,,6263,6263,0.000000,1.190,98ca0c6e30c549c3
eval-m4-n500,4,500,3016,lpt_ls,,6263,6263,0.000000,0.824,8a8eff6c00283b4a
eval-m4-n500,4,500,3016,rol,1,6263,6263,0.000000,0.798,8a8eff6c00283b4a
eval-m4-n500,4,500,3017,lpt,,6192,6192,0.000000,0.178,4bab787d77082fcb
eval-m4-n500,4,500,3017,multifit,,6192,6192,0.000000,1.179,59f476016a7f0fe7
eval-m4-n500,4,500,3017,lpt_ls,,6192,6192,0.000000,0.947,4bab787d77082fcb
eval-m4-n500,4,500,3017,rol,1,6192,6192,0.000000,0.854,4bab787d77082fcb
eval-m4-n500,4,500,3018,lpt,,6641,6641,0.000000,0.178,0181eb9b05483148
eval-m4-n500,4,500,3018,multifit,,6641,6641,0.000000,1.314,f10119645468437c
eval-m4-n500,4,500,3018,lpt_ls,,6641,6641,0.000000,0.916,0181eb9b05483148
eval-m4-n500,4,500,3018,rol,1,6641,6641,0.000000,0.843,0181eb9b05483148
eval-m4-n500,4,500,3019,lpt,,6213,6213,0.000000,0.209,028ddcafad88ab41
eval-m4-n500,4,500,3019,multifit,,6213,6213,0.000000,1.282,9322d19e50a7c091
eval-m4-n500,4,500,3019,lpt_ls,,6213,6213,0.000000,0.894,028ddcafad88ab41
eval-m4-n500,4,500,3019,rol,1,6213,6213,0.000000,0.783,028ddcafad88ab41
eval-m4-n500,4,500,3020,lpt,,5835,5835,0.000000,0.180,8c5e01e9d45512c4
eval-m4-n500,4,500,3020,multifit,,5835,5835,0.000000,1.232,1d785d21e0ae7044
eval-m4-n500,4,500,3020,lpt_ls,,5835,5835,0.000000,0.976,8c5e01e9d45512c4
eval-m4-n500,4,500,3020,rol,1,5835,5835,0.000000,0.867,8c5e01e9d45512c4
eval-m4-n500,4,500,3021,lpt,,6476,6476,0.000000,0.181,0ab7c6155e2839f2
eval-m4-n500,4,500,3021,multifit,,6476,6476,0.000000,1.208,befd546590ca8842
eval-m4-n500,4,500,3021,lpt_ls,,6476,6476,0.000000,0.562,0ab7c6155e2839f2
eval-m4-n500,4,500,3021,rol,1,6476,6476,0.000000,0.791,0ab7c6155e2839f2
eval-m4-n500,4,500,3022,lpt,,6286,6286,0.000000,0.183,c100a55beb03a48d
eval-m4-n500,4,500,3022,multifit,,6286,6286,0.000000,1.209,3fcddefdc40fe29b
eval-m4-n500,4,500,3022,lpt_ls,,6286,6286,0.000000,0.717,c100a55beb03a48d
eval-m4-n500,4,500,3022,rol,1,6286,6286,0.000000,0.920,c100a55beb03a48d
eval-m4-n500,4,500,3023,lpt,,6312,6312,0.000000,0.218,91bdffacdd6d8cce
eval-m4-n500,4,500,3023,multifit,,6312,6312,0.000000,1.223,fe5d385d8ce6bcd5
eval-m4-n500,4,500,3023,lpt_ls,,6312,6312,0.000000,0.948,91bdffacdd6d8cce
eval-m4-n500,4,500,3023,rol,1,6312,6312,0.000000,0.836,91bdffacdd6d8cce
eval-m4-n500,4,500,3024,lpt,,6226,6226,0.000000,0.185,784c222ce22d2c75
eval-m4-n500,4,500,3024,multifit,,6226,6226,0.000000,1.196,299bc3598a9fc96a
eval-m4-n500,4,500,3024,lpt_ls,,6226,6226,0.000000,1.072,784c222ce22d2c75
eval-m4-n500,4,500,3024,rol,1,6226,6226,0.000000,0.891,784c222ce22d2c75
eval-m4-n500,4,500,3025,lpt,,6065,6065,0.000000,0.212,39615d67be3b0f40
eval-m4-n500,4,500,3025,multifit,,6065,6065,0.000000,1.227,d9384cf83c4bbcb9
eval-m4-n500,4,500,3025,lpt_ls,,6065,6065,0.000000,0.966,39615d67be3b0f40
eval-m4-n500,4,500,3025,rol,1,6065,6065,0.000000,0.856,39615d67be3b0f40
eval-m4-n500,4,500,3026,lpt,,6187,6187,0.000000,0.182,03a11496beb9f531
eval-m4-n500,4,500,3026,multifit,,6187,6187,0.000000,1.234,3ab48fa5ec421332
eval-m4-n500,4,500,3026,lpt_ls,,6187,6187,0.000000,0.776,03a11496beb9f531
eval-m4-n500,4,500,3026,rol,1,6187,6187,0.000000,0.823,03a11496beb9f531
eval-m4-n500,4,500,3027,lpt,,6675,6675,0.000000,0.183,90ccfdc960a5d43e
eval-m4-n500,4,500,3027,multifit,,6675,6675,0.000000,1.325,1741da1783b6df1e
eval-m4-n500,4,500,3027,lpt_ls,,6675,6675,0.000000,0.817,90ccfdc960a5d43e
eval-m4-n500,4,500,3027,rol,1,6675,6675,0.000000,0.923,90ccfdc960a5d43e
eval-m4-n500,4,500,3028,lpt,,6431,6431,0.000000,0.189,ed785c3dcaeaeac7
eval-m4-n500,4,500,3028,multifit,,6431,6431,0.000000,1.178,f20b858a67941e54
eval-m4-n500,4,500,3028,lpt_ls,,6431,6431,0.000000,0.956,ed785c3dcaeaeac7
eval-m4-n500,4,500,3028,rol,1,6431,6431,0.000000,0.809,ed785c3dcaeaeac7
eval-m4-n500,4,500,3029,lpt,,6325,6325,0.000000,0.210,6f4b154edbe5cd9f
eval-m4-n500,4,500,3029,multifit,,6325,6325,0.000000,1.231,f815ebe117721665
eval-m4-n500,4,500,3029,lpt_ls,,6325,6325,0.000000,1.062,6f4b154edbe5cd9f
eval-m4-n500,4,500,3029,rol,1,6325,6325,0.000000,0.814,6f4b154edbe5cd9f
eval-m5-n30,5,30,3000,lpt,,286,279,2.508961,0.021,3d9fc7258a05a070
eval-m5-n30,5,30,3000,multifit,,279,279,0.000000,0.077,9c72358c3f64be12
eval-m5-n30,5,30,3000,lpt_ls,,281,279,0.716846,0.219,48593e9aac4ac587
eval-m5-n30,5,30,3000,rol,2,281,279,0.716846,0.230,2f2da3af3a890b27
eval-m5-n30,5,30,3001,lpt,,353,342,3.216374,0.019,5391b314738f79ba
eval-m5-n30,5,30,3001,multifit,,343,342,0.292398,0.069,7e8928a174e9c268
eval-m5-n30,5,30,3001,lpt_ls,,351,342,2.631579,0.206,5c622b5e1067f29d
eval-m5-n30,5,30,3001,rol,2,344,342,0.584795,0.244,2996966ffc344f65
eval-m5-n30,5,30,3002,lpt,,288,287,0.348432,0.019,ea63e1e394cfa804
eval-m5-n30,5,30,3002,multifit,,290,287,1.045296,0.062,69593ca952703bb6
eval-m5-n30,5,30,3002,lpt_ls,,287,287,0.000000,0.237,08dec24078224462
eval-m5-n30,5,30,3002,rol,2,288,287,0.348432,0.242,ea63e1e394cfa804
eval-m5-n30,5,30,3003,lpt,,306,304,0.657895,0.022,72c9815212f56df3
eval-m5-n30,5,30,3003,multifit,,304,304,0.000000,0.136,37aaddb76f85ca37
eval-m5-n30,5,30,3003,lpt_ls,,305,304,0.328947,0.173,917f5f2c8def9fab
eval-m5-n30,5,30,3003,rol,2,305,304,0.328947,0.249,1c5001b8d377e4ad
eval-m5-n30,5,30,3004,lpt,,327,322,1.552795,0.020,18807213bba95191
eval-m5-n30,5,30,3004,multifit,,322,322,0.000000,0.069,8eba77121a651fe4
eval-m5-n30,5,30,3004,lpt_ls,,324,322,0.621118,0.200,680950db83f602dd
eval-m5-n30,5,30,3004,rol,2,322,322,0.000000,0.193,41b3d3522cf7a8e0
eval-m5-n30,5,30,3005,lpt,,330,323,2.167183,0.021,f0027b5430b0480f
eval-m5-n30,5,30,3005,multifit,,324,323,0.309598,0.072,fa22388a618961ba
eval-m5-n30,5,30,3005,lpt_ls,,324,323,0.309598,0.240,6a0458420e21a5cb
eval-m5-n30,5,30,3005,rol,2,325,323,0.619195,0.209,45ef059f028a4022
eval-m5-n30,5,30,3006,lpt,,284,284,0.000000,0.045,a51834ec186028be
eval-m5-n30,5,30,3006,multifit,,284,284,0.000000,0.069,2ff02166e4ad6df6
eval-m5-n30,5,30,3006,lpt_ls,,284,284,0.000000,0.159,a51834ec186028be
eval-m5-n30,5,30,3006,rol,2,284,284,0.000000,0.203,a51834ec186028be
eval-m5-n30,5,30,3007,lpt,,275,272,1.102941,0.019,e75a8eb6ddd3b820
eval-m5-n30,5,30,3007,multifit,,273,272,0.367647,0.179,01fb7927bb7191d7
eval-m5-n30,5,30,3007,lpt_ls,,273,272,0.367647,0.175,e19e52510e29e0e7
eval-m5-n30,5,30,3007,rol,2,272,272,0.000000,0.273,7a76282db078f2a9
eval-m5-n30,5,30,3008,lpt,,309,302,2.317881,0.024,9720c8813c0f6f36
eval-m5-n30,5,30,3008,multifit,,302,302,0.000000,0.071,221f0496a65f1e02
eval-m5-n30,5,30,3008,lpt_ls,,303,302,0.331126,0.338,1e5e53957d5eb70e
eval-m5-n30,5,30,3008,rol,2,302,302,0.000000,0.352,f7da81d6e3f7881c
eval-m5-n30,5,30,3009,lpt,,323,320,0.937500,0.025,b3bd6480f493aa47
eval-m5-n30,5,30,3009,multifit,,323,320,0.937500,0.067,5e46dd26bc462caa
eval-m5-n30,5,30,3009,lpt_ls,,321,320,0.312500,0.217,60e59b2271581aed
eval-m5-n30,5,30,3009,rol,2,323,320,0.937500,0.234,b3bd6480f493aa47
eval-m5-n30,5,30,3010,lpt,,324,321,0.934579,0.020,1fae1a87833bacd0
eval-m5-n30,5,30,3010,multifit,,323,321,0.623053,0.066,d93001cecda1e503
eval-m5-n30,5,30,3010,lpt_ls,,321,321,0.000000,0.247,96d8661e2c5415cb
eval-m5-n30,5,30,3010,rol,2,323,321,0.623053,0.208,9e72e1233bcfb9f7
eval-m5-n30,5,30,3011,lpt,,307,305,0.655738,0.019,bbefb4a080f87b07
eval-m5-n30,5,30,3011,multifit,,308,305,0.983607,0.064,10b1b5645fee219c
eval-m5-n30,5,30,3011,lpt_ls,,306,305,0.327869,0.155,8d9a8f8c6311b2b2
eval-m5-n30,5,30,3011,rol,2,306,305,0.327869,0.246,b7a351bb8b5130f5
eval-m5-n30,5,30,3012,lpt,,290,283,2.473498,0.018,41815b2423ca850d
eval-m5-n30,5,30,3012,multifit,,284,283,0.353357,0.070,98765c0a685c65c5
eval-m5-n30,5,30,3012,lpt_ls,,284,283,0.353357,0.298,46e70bacfa41c9d4
eval-m5-n30,5,30,3012,rol,2,287,283,1.413428,0.254,ec479b495641fbe4
eval-m5-n30,5,30,3013,lpt,,285,278,2.517986,0.018,882dab64275011db
eval-m5-n30,5,30,3013,multifit,,279,278,0.359712,0.070,09f246a3699fa026
eval-m5-n30,5,30,3013,lpt_ls,,279,278,0.359712,0.252,5866af0d1b868aee
eval-m5-n30,5,30,3013,rol,2,278,278,0.000000,0.186,c4968796b4f7b611
eval-m5-n30,5,30,3014,lpt,,246,246,0.000000,0.017,9d29c63f68e3a187
eval-m5-n30,5,30,3014,multifit,,246,246,0.000000,0.064,f4b8bc04d7c42807
eval-m5-n30,5,30,3014,lpt_ls,,246,246,0.000000,0.070,9d29c63f68e3a187
eval-m5-n30,5,30,3014,rol,2,246,246,0.000000,0.252,9d29c63f68e3a187
eval-m5-n30,5,30,3015,lpt,,288,288,0.000000,0.017,3e079c096135490e
eval-m5-n30,5,30,3015,multifit,,289,288,0.347222,0.067,376c6abcc57c476b
eval-m5-n30,5,30,3015,lpt_ls,,288,288,0.000000,0.105,3e079c096135490e
eval-m5-n30,5,30,3015,rol,2,288,288,0.000000,0.237,3e079c096135490e
eval-m5-n30,5,30,3016,lpt,,317,312,1.602564,0.017,649834056c50721e
eval-m5-n30,5,30,3016,multifit,,313,312,0.320513,0.069,9a24e750f3896a54
eval-m5-n30,5,30,3016,lpt_ls,,313,312,0.320513,0.219,bd16096fa18ec9ba
eval-m5-n30,5,30,3016,rol,2,313,312,0.320513,0.221,016334202c1d29f3
eval-m5-n30,5,30,3017,lpt,,323,321,0.623053,0.018,f14daf80cdc1bd7b
eval-m5-n30,5,30,3017,multifit,,323,321,0.623053,0.064,f356344e0d823750
eval-m5-n30,5,30,3017,lpt_ls,,323,321,0.623053,0.108,f14daf80cdc1bd7b
eval-m5-n30,5,30,3017,rol,2,323,321,0.623053,0.220,f14daf80cdc1bd7b
eval-m5-n30,5,30,3018,lpt,,300,299,0.334448,0.017,ee79cfd729311d6f
eval-m5-n30,5,30,3018,multifit,,300,299,0.334448,0.067,5c418440977cc26f
eval-m5-n30,5,30,3018,lpt_ls,,300,299,0.334448,0.069,ee79cfd729311d6f
eval-m5-n30,5,30,3018,rol,2,299,299,0.000000,0.236,5a02b47a8f349120
eval-m5-n30,5,30,3019,lpt,,320,312,2.564103,0.017,9ebec74557789a36
eval-m5-n30,5,30,3019,multifit,,313,312,0.320513,0.065,ce7188c6b374c4a4
eval-m5-n30,5,30,3019,lpt_ls,,314,312,0.641026,0.152,5bb880a6df4cb295
eval-m5-n30,5,30,3019,rol,2,312,312,0.000000,0.200,f17c46ceb1b85d9a
eval-m5-n30,5,30,3020,lpt,,217,216,0.462963,0.023,c374d6224b80977c
eval-m5-n30,5,30,3020,multifit,,217,216,0.462963,0.064,d37dd0c15c2eabd9
eval-m5-n30,5,30,3020,lpt_ls,,217,216,0.462963,0.109,c374d6224b80977c
eval-m5-n30,5,30,3020,rol,2,217,216,0.462963,0.210,c374d6224b80977c
eval-m5-n30,5,30,3021,lpt,,296,295,0.338983,0.017,9d3732cc3839f9ca
eval-m5-n30,5,30,3021,multifit,,297,295,0.677966,0.062,1b6bc9e628df5ba5
eval-m5-n30,5,30,3021,lpt_ls,,296,295,0.338983,0.105,9d3732cc3839f9ca
eval-m5-n30,5,30,3021,rol,2,296,295,0.338983,0.227,9d3732cc3839f9ca
eval-m5-n30,5,30,3022,lpt,,329,322,2.173913,0.018,7b46d818d348fb36
eval-m5-n30,5,30,3022,multifit,,323,322,0.310559,0.068,fdefb3c02f1214b7
eval-m5-n30,5,30,3022,lpt_ls,,324,322,0.621118,0.241,607e1b3e778c5f5b
eval-m5-n30,5,30,3022,rol,2,327,322,1.552795,0.229,353caaa28fa35072
eval-m5-n30,5,30,3023,lpt,,272,272,0.000000,0.017,6039447dc83de4c8
eval-m5-n30,5,30,3023,multifit,,272,272,0.000000,0.066,7a7e0c2174fbd84c
eval-m5-n30,5,30,3023,lpt_ls,,272,272,0.000000,0.105,6039447dc83de4c8
eval-m5-n30,5,30,3023,rol,2,272,272,0.000000,0.288,6039447dc83de4c8
eval-m5-n30,5,30,3024,lpt,,282,281,0.355872,0.020,a21191219d473074
eval-m5-n30,5,30,3024,multifit,,282,281,0.355872,0.071,792cb38ef49a1496
eval-m5-n30,5,30,3024,lpt_ls,,281,281,0.000000,0.161,ff0665c385202d56
eval-m5-n30,5,30,3024,rol,2,281,281,0.000000,0.244,085cd68d629d0785
eval-m5-n30,5,30,3025,lpt,,267,265,0.754717,0.018,50a8ce0d12a67194
eval-m5-n30,5,30,3025,multifit,,266,265,0.377358,0.071,0992c996e584aa0a
eval-m5-n30,5,30,3025,lpt_ls,,266,265,0.377358,0.161,faf7c218011fe0e9
eval-m5-n30,5,30,3025,rol,2,265,265,0.000000,0.218,291e53fee48cfab2
eval-m5-n30,5,30,3026,lpt,,263,260,1.153846,0.018,ae66b6581fb42382
eval-m5-n30,5,30,3026,multifit,,261,260,0.384615,0.069,a8d2df9b31f0ebb8
eval-m5-n30,5,30,3026,lpt_ls,,260,260,0.000000,0.196,6827d61706871fe0
eval-m5-n30,5,30,3026,rol,2,260,260,0.000000,0.216,579a9234d7b4d405
eval-m5-n30,5,30,3027,lpt,,334,333,0.300300,0.018,2f4ad97931f2b4d5
eval-m5-n30,5,30,3027,multifit,,335,333,0.600601,0.064,855981e9a5e8f579
eval-m5-n30,5,30,3027,lpt_ls,,334,333,0.300300,0.070,2f4ad97931f2b4d5
eval-m5-n30,5,30,3027,rol,2,334,333,0.300300,0.196,2f4ad97931f2b4d5
eval-m5-n30,5,30,3028,lpt,,288,287,0.348432,0.017,4058c9cd8f58544d
eval-m5-n30,5,30,3028,multifit,,289,287,0.696864,0.063,c934f773a73b3376
eval-m5-n30,5,30,3028,lpt_ls,,287,287,0.000000,0.116,563718069030ca99
eval-m5-n30,5,30,3028,rol,2,287,287,0.000000,0.232,b9810779b612f278
eval-m5-n30,5,30,3029,lpt,,275,273,0.732601,0.017,c9ad24d821892486
eval-m5-n30,5,30,3029,multifit,,275,273,0.732601,0.064,c7bb690eb3d9e018
eval-m5-n30,5,30,3029,lpt_ls,,273,273,0.000000,0.224,4bb2a03b60a0bed7
eval-m5-n30,5,30,3029,rol,2,274,273,0.366300,0.190,3bd5d7233cedcc19
eval-m5-n50,5,50,3000,lpt,,467,467,0.000000,0.025,a474a39d5a7c4a92
eval-m5-n50,5,50,3000,multifit,,467,467,0.000000,0.114,539e6f1dc8243d2d
eval-m5-n50,5,50,3000,lpt_ls,,467,467,0.000000,0.122,a474a39d5a7c4a92
eval-m5-n50,5,50,3000,rol,2,467,467,0.000000,0.332,a474a39d5a7c4a92
eval-m5-n50,5,50,3001,lpt,,552,543,1.657459,0.024,f05bd1079f4cead9
eval-m5-n50,5,50,3001,multifit,,543,543,0.000000,0.115,f89cd1678875663f
eval-m5-n50,5,50,3001,lpt_ls,,547,543,0.736648,0.218,097e7876e69ba4b5
eval-m5-n50,5,50,3001,rol,2,552,543,1.657459,0.419,f05bd1079f4cead9
eval-m5-n50,5,50,3002,lpt,,452,451,0.221729,0.024,b31347eb31228c96
eval-m5-n50,5,50,3002,multifit,,451,451,0.000000,0.108,6aed89091b560cba
eval-m5-n50,5,50,3002,lpt_ls,,451,451,0.000000,0.166,289d889cb1ddcd8c
eval-m5-n50,5,50,3002,rol,2,451,451,0.000000,0.432,65f4d1742205430a
eval-m5-n50,5,50,3003,lpt,,482,480,0.416667,0.026,0dbe9195d05b27dd
eval-m5-n50,5,50,3003,multifit,,480,480,0.000000,0.111,f377c208a1e71f6f
eval-m5-n50,5,50,3003,lpt_ls,,481,480,0.208333,0.173,88de766b215785b4
eval-m5-n50,5,50,3003,rol,2,481,480,0.208333,0.348,c34ef09a0e95a703
eval-m5-n50,5,50,3004,lpt,,527,519,1.541426,0.027,cfb0ac714d06cb90
eval-m5-n50,5,50,3004,multifit,,522,519,0.578035,0.113,c6f6796678613784
eval-m5-n50,5,50,3004,lpt_ls,,522,519,0.578035,0.172,4ce7bc7201c12f91
eval-m5-n50,5,50,3004,rol,2,527,519,1.541426,0.371,cfb0ac714d06cb90
eval-m5-n50,5,50,3005,lpt,,547,546,0.183150,0.026,c13968b3634feb3a
eval-m5-n50,5,50,3005,multifit,,547,546,0.183150,0.118,0e7e67735f260a91
eval-m5-n50,5,50,3005,lpt_ls,,547,546,0.183150,0.126,c13968b3634feb3a
eval-m5-n50,5,50,3005,rol,2,547,546,0.183150,0.327,c13968b3634feb3a
eval-m5-n50,5,50,3006,lpt,,495,495,0.000000,0.026,664722e4abe75ac1
eval-m5-n50,5,50,3006,multifit,,495,495,0.000000,0.107,a83e609f898d05ed
eval-m5-n50,5,50,3006,lpt_ls,,495,495,0.000000,0.160,664722e4abe75ac1
eval-m5-n50,5,50,3006,rol,2,495,495,0.000000,0.319,664722e4abe75ac1
eval-m5-n50,5,50,3007,lpt,,443,442,0.226244,0.026,a49d40d85d2f5fc2
eval-m5-n50,5,50,3007,multifit,,442,442,0.000000,0.109,a56aba88bc17c519
eval-m5-n50,5,50,3007,lpt_ls,,442,442,0.000000,0.217,a684f717067fbd33
eval-m5-n50,5,50,3007,rol,2,443,442,0.226244,0.392,a49d40d85d2f5fc2
eval-m5-n50,5,50,3008,lpt,,485,484,0.206612,0.025,22cd0970b9cc3c07
eval-m5-n50,5,50,3008,multifit,,484,484,0.000000,0.109,c43d43fef3ef8397
eval-m5-n50,5,50,3008,lpt_ls,,484,484,0.000000,0.248,ca7eefe49db97912
eval-m5-n50,5,50,3008,rol,2,485,484,0.206612,0.396,22cd0970b9cc3c07
eval-m5-n50,5,50,3009,lpt,,504,501,0.598802,0.027,72270ffab9a46e41
eval-m5-n50,5,50,3009,multifit,,502,501,0.199601,0.112,ae9d014237bbe6d1
eval-m5-n50,5,50,3009,lpt_ls,,504,501,0.598802,0.121,72270ffab9a46e41
eval-m5-n50,5,50,3009,rol,2,504,501,0.598802,0.407,72270ffab9a46e41
eval-m5-n50,5,50,3010,lpt,,565,563,0.355240,0.026,7d70c3838127ea6e
eval-m5-n50,5,50,3010,multifit,,563,563,0.000000,0.115,4678dd70bd18401a
eval-m5-n50,5,50,3010,lpt_ls,,564,563,0.177620,0.204,4ccee352a159b80b
eval-m5-n50,5,50,3010,rol,2,565,563,0.355240,0.372,7d70c3838127ea6e
eval-m5-n50,5,50,3011,lpt,,521,520,0.192308,0.026,97937eb80f2dc120
eval-m5-n50,5,50,3011,multifit,,520,520,0.000000,0.117,a63757b2e8c61315
eval-m5-n50,5,50,3011,lpt_ls,,520,520,0.000000,0.129,49b7f0011fc4ea00
eval-m5-n50,5,50,3011,rol,2,520,520,0.000000,0.334,6c7c8b0306b23319
eval-m5-n50,5,50,3012,lpt,,509,509,0.000000,0.025,25794234e7a107e2
eval-m5-n50,5,50,3012,multifit,,509,509,0.000000,0.117,71922ec320e0d3b3
eval-m5-n50,5,50,3012,lpt_ls,,509,509,0.000000,0.121,25794234e7a107e2
eval-m5-n50,5,50,3012,rol,2,509,509,0.000000,0.392,25794234e7a107e2
eval-m5-n50,5,50,3013,lpt,,532,523,1.720841,0.025,cb5f80fdb6b44eb8
eval-m5-n50,5,50,3013,multifit,,524,523,0.191205,0.118,eb5b83c68bfffca3
eval-m5-n50,5,50,3013,lpt_ls,,526,523,0.573614,0.170,9f8feb2ffd01e2e8
eval-m5-n50,5,50,3013,rol,2,528,523,0.956023,0.373,ef5d00d23f32be2f
eval-m5-n50,5,50,3014,lpt,,469,468,0.213675,0.025,66a177d5d5baf032
eval-m5-n50,5,50,3014,multifit,,468,468,0.000000,0.108,3a5e42019f46dd74
eval-m5-n50,5,50,3014,lpt_ls,,468,468,0.000000,0.378,5c616852aac92c00
eval-m5-n50,5,50,3014,rol,2,468,468,0.000000,0.363,b7353182ef4add37
eval-m5-n50,5,50,3015,lpt,,471,470,0.212766,0.026,d7b2a63d0b3c0d94
eval-m5-n50,5,50,3015,multifit,,470,470,0.000000,0.110,a83dcd7559d3a4cd
eval-m5-n50,5,50,3015,lpt_ls,,470,470,0.000000,0.206,5956711686a3170f
eval-m5-n50,5,50,3015,rol,2,470,470,0.000000,0.332,12ad620161440ec9
eval-m5-n50,5,50,3016,lpt,,496,496,0.000000,0.025,6318e5c4540706b7
eval-m5-n50,5,50,3016,multifit,,496,496,0.000000,0.108,548f221bf69ceb7d
eval-m5-n50,5,50,3016,lpt_ls,,496,496,0.000000,0.118,6318e5c4540706b7
eval-m5-n50,5,50,3016,rol,2,496,496,0.000000,0.391,6318e5c4540706b7
eval-m5-n50,5,50,3017,lpt,,495,493,0.405680,0.024,aa64bfa5155a5ce0
eval-m5-n50,5,50,3017,multifit,,493,493,0.000000,0.110,1f9e307d43b2d084
eval-m5-n50,5,50,3017,lpt_ls,,495,493,0.405680,0.118,aa64bfa5155a5ce0
eval-m5-n50,5,50,3017,rol,2,495,493,0.405680,0.313,aa64bfa5155a5ce0
eval-m5-n50,5,50,3018,lpt,,576,573,0.523560,0.026,14c53239347e7101
eval-m5-n50,5,50,3018,multifit,,574,573,0.174520,0.115,8745d5ba98ba8a8f
eval-m5-n50,5,50,3018,lpt_ls,,574,573,0.174520,0.177,61aea0ddf0bafe0a
eval-m5-n50,5,50,3018,rol,2,574,573,0.174520,0.373,e1d9d7377300f694
eval-m5-n50,5,50,3019,lpt,,495,494,0.202429,0.026,914415c4357e71bb
eval-m5-n50,5,50,3019,multifit,,494,494,0.000000,0.107,7e037a336348e0c2
eval-m5-n50,5,50,3019,lpt_ls,,494,494,0.000000,0.169,9ff83312d341fa7f
eval-m5-n50,5,50,3019,rol,2,494,494,0.000000,0.381,59e6ecc7f5e06dcb
eval-m5-n50,5,50,3020,lpt,,406,406,0.000000,0.026,c1be8f773bc3a8bc
eval-m5-n50,5,50,3020,multifit,,406,406,0.000000,0.110,37d8d3bd3e3d9502
eval-m5-n50,5,50,3020,lpt_ls,,406,406,0.000000,0.155,c1be8f773bc3a8bc
eval-m5-n50,5,50,3020,rol,2,406,406,0.000000,0.396,c1be8f773bc3a8bc
eval-m5-n50,5,50,3021,lpt,,499,496,0.604839,0.025,2d2cda056183461b
eval-m5-n50,5,50,3021,multifit,,496,496,0.000000,0.108,4833be5c1fd67995
eval-m5-n50,5,50,3021,lpt_ls,,496,496,0.000000,0.222,889e474d23250b25
eval-m5-n50,5,50,3021,rol,2,499,496,0.604839,0.416,2d2cda056183461b
eval-m5-n50,5,50,3022,lpt,,505,505,0.000000,0.026,5c70cc7261378e54
eval-m5-n50,5,50,3022,multifit,,506,505,0.198020,0.108,711a35dd229fb3c9
eval-m5-n50,5,50,3022,lpt_ls,,505,505,0.000000,0.158,5c70cc7261378e54
eval-m5-n50,5,50,3022,rol,2,505,505,0.000000,0.388,5c70cc7261378e54
eval-m5-n50,5,50,3023,lpt,,483,482,0.207469,0.026,d61b0794db7ef369
eval-m5-n50,5,50,3023,multifit,,482,482,0.000000,0.108,c27a18533c2b2ded
eval-m5-n50,5,50,3023,lpt_ls,,482,482,0.000000,0.216,1f543896f6a2f35e
eval-m5-n50,5,50,3023,rol,2,482,482,0.000000,0.376,a7117136c3a2aa9b
eval-m5-n50,5,50,3024,lpt,,458,457,0.218818,0.028,a0d242a3ce5f42c2
eval-m5-n50,5,50,3024,multifit,,458,457,0.218818,0.110,d988a53e6325b552
eval-m5-n50,5,50,3024,lpt_ls,,458,457,0.218818,0.127,a0d242a3ce5f42c2
eval-m5-n50,5,50,3024,rol,2,458,457,0.218818,0.419,a0d242a3ce5f42c2
eval-m5-n50,5,50,3025,lpt,,501,501,0.000000,0.025,fc250dd333f46502
eval-m5-n50,5,50,3025,multifit,,501,501,0.000000,0.111,4094d16f36bcdb6e
eval-m5-n50,5,50,3025,lpt_ls,,501,501,0.000000,0.125,fc250dd333f46502
eval-m5-n50,5,50,3025,rol,2,501,501,0.000000,0.417,fc250dd333f46502
eval-m5-n50,5,50,3026,lpt,,504,501,0.598802,0.027,5f086baaa97caecc
eval-m5-n50,5,50,3026,multifit,,501,501,0.000000,0.111,809768341720cdd3
eval-m5-n50,5,50,3026,lpt_ls,,501,501,0.000000,0.138,537251749f434a4c
eval-m5-n50,5,50,3026,rol,2,502,501,0.199601,0.393,0c1904fed0a935d6
eval-m5-n50,5,50,3027,lpt,,551,548,0.547445,0.026,d822a049b2eb00b7
eval-m5-n50,5,50,3027,multifit,,549,548,0.182482,0.118,890779b2fae542c3
eval-m5-n50,5,50,3027,lpt_ls,,549,548,0.182482,0.252,52bca4db75a216d8
eval-m5-n50,5,50,3027,rol,2,551,548,0.547445,0.355,d822a049b2eb00b7
eval-m5-n50,5,50,3028,lpt,,483,483,0.000000,0.025,181f185af11fcc21
eval-m5-n50,5,50,3028,multifit,,485,483,0.414079,0.121,b10c57ef951cfb83
eval-m5-n50,5,50,3028,lpt_ls,,483,483,0.000000,0.236,181f185af11fcc21
eval-m5-n50,5,50,3028,rol,2,483,483,0.000000,0.412,181f185af11fcc21
eval-m5-n50,5,50,3029,lpt,,470,469,0.213220,0.025,b796f2c31b86d8ef
eval-m5-n50,5,50,3029,multifit,,470,469,0.213220,0.110,725331008fad895b
eval-m5-n50,5,50,3029,lpt_ls,,470,469,0.213220,0.120,b796f2c31b86d8ef
eval-m5-n50,5,50,3029,rol,2,470,469,0.213220,0.358,b796f2c31b86d8ef
eval-m5-n100,5,100,3000,lpt,,990,990,0.000000,0.044,0d6b3fc22fb168ac
eval-m5-n100,5,100,3000,multifit,,990,990,0.000000,0.232,b08f683cfb2f55e4
eval-m5-n100,5,100,3000,lpt_ls,,990,990,0.000000,0.231,0d6b3fc22fb168ac
eval-m5-n100,5,100,3000,rol,2,990,990,0.000000,0.684,0d6b3fc22fb168ac
eval-m5-n100,5,100,3001,lpt,,1007,1006,0.099404,0.045,55a4dba6d70cf5e0
eval-m5-n100,5,100,3001,multifit,,1006,1006,0.000000,0.232,a6affb3d30007399
eval-m5-n100,5,100,3001,lpt_ls,,1006,1006,0.000000,0.356,043e85c9c5f681bd
eval-m5-n100,5,100,3001,rol,2,1007,1006,0.099404,0.818,55a4dba6d70cf5e0
eval-m5-n100,5,100,3002,lpt,,903,902,0.110865,0.048,8b9ab4b7a3698501
eval-m5-n100,5,100,3002,multifit,,902,902,0.000000,0.225,989fd1104276a7a3
eval-m5-n100,5,100,3002,lpt_ls,,902,902,0.000000,0.214,538b9415bde01f45
eval-m5-n100,5,100,3002,rol,2,903,902,0.110865,0.603,8b9ab4b7a3698501
eval-m5-n100,5,100,3003,lpt,,1009,1008,0.099206,0.046,ed088f11e6a17c20
eval-m5-n100,5,100,3003,multifit,,1009,1008,0.099206,0.225,23e9c72967abb00b
eval-m5-n100,5,100,3003,lpt_ls,,1009,1008,0.099206,0.166,ed088f11e6a17c20
eval-m5-n100,5,100,3003,rol,2,1009,1008,0.099206,0.622,ed088f11e6a17c20
eval-m5-n100,5,100,3004,lpt,,1117,1116,0.089606,0.046,b69cb51689a0ba77
eval-m5-n100,5,100,3004,multifit,,1116,1116,0.000000,0.232,16e99550690c33e7
eval-m5-n100,5,100,3004,lpt_ls,,1116,1116,0.000000,0.371,4052250a086d22ae
eval-m5-n100,5,100,3004,rol,2,1117,1116,0.089606,0.599,b69cb51689a0ba77
eval-m5-n100,5,100,3005,lpt,,1044,1043,0.095877,0.046,a00eae881320ddd5
eval-m5-n100,5,100,3005,multifit,,1043,1043,0.000000,0.242,0ddb972dc82aba96
eval-m5-n100,5,100,3005,lpt_ls,,1043,1043,0.000000,0.295,c9458f03621b0964
eval-m5-n100,5,100,3005,rol,2,1044,1043,0.095877,0.598,a00eae881320ddd5
eval-m5-n100,5,100,3006,lpt,,1028,1028,0.000000,0.045,2663e58bf819a574
eval-m5-n100,5,100,3006,multifit,,1028,1028,0.000000,0.232,e8c97469519eab4a
eval-m5-n100,5,100,3006,lpt_ls,,1028,1028,0.000000,0.109,2663e58bf819a574
eval-m5-n100,5,100,3006,rol,2,1028,1028,0.000000,0.858,2663e58bf819a574
eval-m5-n100,5,100,3007,lpt,,863,863,0.000000,0.044,58ac910a7b5f81e3
eval-m5-n100,5,100,3007,multifit,,863,863,0.000000,0.232,26d928e21c42b149
eval-m5-n100,5,100,3007,lpt_ls,,863,863,0.000000,0.179,58ac910a7b5f81e3
eval-m5-n100,5,100,3007,rol,2,863,863,0.000000,0.842,58ac910a7b5f81e3
eval-m5-n100,5,100,3008,lpt,,1000,999,0.100100,0.045,42e0236551737e4c
eval-m5-n100,5,100,3008,multifit,,999,999,0.000000,0.226,e7e038c66005751b
eval-m5-n100,5,100,3008,lpt_ls,,999,999,0.000000,0.256,2f5fc3fec928df95
eval-m5-n100,5,100,3008,rol,2,999,999,0.000000,0.774,849c59a3647cd729
eval-m5-n100,5,100,3009,lpt,,1040,1039,0.096246,0.046,b820bb37194b7fd2
eval-m5-n100,5,100,3009,multifit,,1040,1039,0.096246,0.239,f2c31f70de2b8de6
eval-m5-n100,5,100,3009,lpt_ls,,1039,1039,0.000000,0.355,a13f2a4ccb485530
eval-m5-n100,5,100,3009,rol,2,1040,1039,0.096246,0.668,b820bb37194b7fd2
eval-m5-n100,5,100,3010,lpt,,1107,1106,0.090416,0.046,7f01dfd42ddee799
eval-m5-n100,5,100,3010,multifit,,1106,1106,0.000000,0.240,44b044396188f5cb
eval-m5-n100,5,100,3010,lpt_ls,,1107,1106,0.090416,0.155,7f01dfd42ddee799
eval-m5-n100,5,100,3010,rol,2,1107,1106,0.090416,0.723,7f01dfd42ddee799
eval-m5-n100,5,100,3011,lpt,,966,965,0.103627,0.045,96c1eaaed4383b8c
eval-m5-n100,5,100,3011,multifit,,965,965,0.000000,0.217,2723b06e96f07bde
eval-m5-n100,5,100,3011,lpt_ls,,965,965,0.000000,0.215,d9c922cf721923d8
eval-m5-n100,5,100,3011,rol,2,966,965,0.103627,0.718,96c1eaaed4383b8c
eval-m5-n100,5,100,3012,lpt,,993,993,0.000000,0.045,07bd909473fcf1b6
eval-m5-n100,5,100,3012,multifit,,993,993,0.000000,0.219,b946df58430915e5
eval-m5-n100,5,100,3012,lpt_ls,,993,993,0.000000,0.254,07bd909473fcf1b6
eval-m5-n100,5,100,3012,rol,2,993,993,0.000000,0.789,07bd909473fcf1b6
eval-m5-n100,5,100,3013,lpt,,951,950,0.105263,0.047,95f3f53fcf8f2f9f
eval-m5-n100,5,100,3013,multifit,,950,950,0.000000,0.225,5dfa6a1c9370bc93
eval-m5-n100,5,100,3013,lpt_ls,,950,950,0.000000,0.299,63600c61039bb2a7
eval-m5-n100,5,100,3013,rol,2,951,950,0.105263,0.671,95f3f53fcf8f2f9f
eval-m5-n100,5,100,3014,lpt,,945,944,0.105932,0.046,1476d6a6621085f4
eval-m5-n100,5,100,3014,multifit,,944,944,0.000000,0.230,0604092258374b1a
eval-m5-n100,5,100,3014,lpt_ls,,944,944,0.000000,0.357,32d094c241c7ab54
eval-m5-n100,5,100,3014,rol,2,945,944,0.105932,0.673,1476d6a6621085f4
eval-m5-n100,5,100,3015,lpt,,970,969,0.103199,0.047,94800065c9358f0b
eval-m5-n100,5,100,3015,multifit,,969,969,0.000000,0.217,34655f647aaed47e
eval-m5-n100,5,100,3015,lpt_ls,,969,969,0.000000,0.259,53158e4521a70396
eval-m5-n100,5,100,3015,rol,2,970,969,0.103199,0.743,94800065c9358f0b
eval-m5-n100,5,100,3016,lpt,,936,936,0.000000,0.045,f4d01622ceda5a58
eval-m5-n100,5,100,3016,multifit,,936,936,0.000000,0.224,c5e01ddd56867cdf
eval-m5-n100,5,100,3016,lpt_ls,,936,936,0.000000,0.240,f4d01622ceda5a58
eval-m5-n100,5,100,3016,rol,2,936,936,0.000000,0.756,f4d01622ceda5a58
eval-m5-n100,5,100,3017,lpt,,1033,1032,0.096899,0.045,6060ef85e9870940
eval-m5-n100,5,100,3017,multifit,,1032,1032,0.000000,0.242,7a78eefd46e20881
eval-m5-n100,5,100,3017,lpt_ls,,1032,1032,0.000000,0.250,cb0255d47a3e917e
eval-m5-n100,5,100,3017,rol,2,1033,1032,0.096899,0.641,6060ef85e9870940
eval-m5-n100,5,100,3018,lpt,,1057,1056,0.094697,0.046,46d7d5cb8f5d8793
eval-m5-n100,5,100,3018,multifit,,1057,1056,0.094697,0.243,5469b90651629f3e
eval-m5-n100,5,100,3018,lpt_ls,,1056,1056,0.000000,0.294,63585be1a8ee9dfb
eval-m5-n100,5,100,3018,rol,2,1057,1056,0.094697,0.665,46d7d5cb8f5d8793
eval-m5-n100,5,100,3019,lpt,,1021,1021,0.000000,0.047,bde7012f73507fd5
eval-m5-n100,5,100,3019,multifit,,1021,1021,0.000000,0.232,7af634ffdf62d93b
eval-m5-n100,5,100,3019,lpt_ls,,1021,1021,0.000000,0.163,bde7012f73507fd5
eval-m5-n100,5,100,3019,rol,2,1021,1021,0.000000,0.808,bde7012f73507fd5
eval-m5-n100,5,100,3020,lpt,,933,933,0.000000,0.046,dfb0ceda74dba30d
eval-m5-n100,5,100,3020,multifit,,933,933,0.000000,0.226,be1aa0c399c40eb9
eval-m5-n100,5,100,3020,lpt_ls,,933,933,0.000000,0.235,dfb0ceda74dba30d
eval-m5-n100,5,100,3020,rol,2,933,933,0.000000,0.623,dfb0ceda74dba30d
eval-m5-n100,5,100,3021,lpt,,1026,1024,0.195312,0.045,e77aa0acf4972420
eval-m5-n100,5,100,3021,multifit,,1024,1024,0.000000,0.222,99fe257431dc9ea3
eval-m5-n100,5,100,3021,lpt_ls,,1024,1024,0.000000,0.211,9172f3472e9b3c7f
eval-m5-n100,5,100,3021,rol,2,1026,1024,0.195312,0.562,e77aa0acf4972420
eval-m5-n100,5,100,3022,lpt,,1082,1081,0.092507,0.044,feefcda983e4cf73
eval-m5-n100,5,100,3022,multifit,,1081,1081,0.000000,0.239,039d907164ec6547
eval-m5-n100,5,100,3022,lpt_ls,,1081,1081,0.000000,0.290,76a39bb20596f048
eval-m5-n100,5,100,3022,rol,2,1082,1081,0.092507,0.670,feefcda983e4cf73
eval-m5-n100,5,100,3023,lpt,,1026,1026,0.000000,0.045,b71b76e34eb2278d
eval-m5-n100,5,100,3023,multifit,,1027,1026,0.097466,0.239,163236717ac436ab
eval-m5-n100,5,100,3023,lpt_ls,,1026,1026,0.000000,0.274,b71b76e34eb2278d
eval-m5-n100,5,100,3023,rol,2,1026,1026,0.000000,0.725,b71b76e34eb2278d
eval-m5-n100,5,100,3024,lpt,,880,880,0.000000,0.049,1e30066951c88206
eval-m5-n100,5,100,3024,multifit,,880,880,0.000000,0.217,9128e9467d71f5c6
eval-m5-n100,5,100,3024,lpt_ls,,880,880,0.000000,0.240,1e30066951c88206
eval-m5-n100,5,100,3024,rol,2,880,880,0.000000,0.825,1e30066951c88206
eval-m5-n100,5,100,3025,lpt,,940,939,0.106496,0.045,fb3d3ce36864c9eb
eval-m5-n100,5,100,3025,multifit,,939,939,0.000000,0.225,48e8551b4c1b126c
eval-m5-n100,5,100,3025,lpt_ls,,940,939,0.106496,0.154,fb3d3ce36864c9eb
eval-m5-n100,5,100,3025,rol,2,940,939,0.106496,0.712,fb3d3ce36864c9eb
eval-m5-n100,5,100,3026,lpt,,1065,1063,0.188147,0.045,5970832918156395
eval-m5-n100,5,100,3026,multifit,,1063,1063,0.000000,0.238,98e715632dd95435
eval-m5-n100,5,100,3026,lpt_ls,,1064,1063,0.094073,0.215,dd66721fcce5b09f
eval-m5-n100,5,100,3026,rol,2,1065,1063,0.188147,0.534,5970832918156395
eval-m5-n100,5,100,3027,lpt,,972,972,0.000000,0.045,760636998266bbfb
eval-m5-n100,5,100,3027,multifit,,972,972,0.000000,0.224,54a0c70783fece8a
eval-m5-n100,5,100,3027,lpt_ls,,972,972,0.000000,0.167,760636998266bbfb
eval-m5-n100,5,100,3027,rol,2,972,972,0.000000,0.563,760636998266bbfb
eval-m5-n100,5,100,3028,lpt,,974,972,0.205761,0.046,1f8ca6412d1c245f
eval-m5-n100,5,100,3028,multifit,,973,972,0.102881,0.228,113ab8dfaf245e13
eval-m5-n100,5,100,3028,lpt_ls,,972,972,0.000000,0.296,8e24de5e173c7886
eval-m5-n100,5,100,3028,rol,2,974,972,0.205761,0.818,1f8ca6412d1c245f
eval-m5-n100,5,100,3029,lpt,,1056,1053,0.284900,0.044,c8fbed3cff2038ea
eval-m5-n100,5,100,3029,multifit,,1054,1053,0.094967,0.230,5d6783920c549472
eval-m5-n100,5,100,3029,lpt_ls,,1056,1053,0.284900,0.152,c8fbed3cff2038ea
eval-m5-n100,5,100,3029,rol,2,1056,1053,0.284900,0.634,c8fbed3cff2038ea
eval-m5-n200,5,200,3000,lpt,,1991,1991,0.000000,0.086,053ca2695e4555fb
eval-m5-n200,5,200,3000,multifit,,1991,1991,0.000000,0.456,92eba8eb0e0daeec
eval-m5-n200,5,200,3000,lpt_ls,,1991,1991,0.000000,0.258,053ca2695e4555fb
eval-m5-n200,5,200,3000,rol,2,1991,1991,0.000000,1.360,053ca2695e4555fb
eval-m5-n200,5,200,3001,lpt,,2065,2064,0.048450,0.085,0cf72b2932dd5c07
eval-m5-n200,5,200,3001,multifit,,2064,2064,0.000000,0.489,287ae5459519dcff
eval-m5-n200,5,200,3001,lpt_ls,,2064,2064,0.000000,0.387,11c0a6983ee33c3d
eval-m5-n200,5,200,3001,rol,2,2065,2064,0.048450,1.620,0cf72b2932dd5c07
eval-m5-n200,5,200,3002,lpt,,1907,1907,0.000000,0.085,5f4f1e7c69dad7d7
eval-m5-n200,5,200,3002,multifit,,1907,1907,0.000000,0.468,87e34f78aa92ce74
eval-m5-n200,5,200,3002,lpt_ls,,1907,1907,0.000000,0.366,5f4f1e7c69dad7d7
eval-m5-n200,5,200,3002,rol,2,1907,1907,0.000000,1.146,5f4f1e7c69dad7d7
eval-m5-n200,5,200,3003,lpt,,2104,2103,0.047551,0.082,5751162ff2bb7195
eval-m5-n200,5,200,3003,multifit,,2103,2103,0.000000,0.481,964e102ccfe0a045
eval-m5-n200,5,200,3003,lpt_ls,,2104,2103,0.047551,0.246,5751162ff2bb7195
eval-m5-n200,5,200,3003,rol,2,2104,2103,0.047551,1.033,5751162ff2bb7195
eval-m5-n200,5,200,3004,lpt,,2134,2134,0.000000,0.098,c62e73c1cef61e2e
eval-m5-n200,5,200,3004,multifit,,2134,2134,0.000000,0.494,687d17cb9219f09c
eval-m5-n200,5,200,3004,lpt_ls,,2134,2134,0.000000,0.248,c62e73c1cef61e2e
eval-m5-n200,5,200,3004,rol,2,2134,2134,0.000000,1.036,c62e73c1cef61e2e
eval-m5-n200,5,200,3005,lpt,,2018,2018,0.000000,0.087,eed742fb83434bd4
eval-m5-n200,5,200,3005,multifit,,2018,2018,0.000000,0.464,ab2451b3fc7cc169
eval-m5-n200,5,200,3005,lpt_ls,,2018,2018,0.000000,0.308,eed742fb83434bd4
eval-m5-n200,5,200,3005,rol,2,2018,2018,0.000000,1.218,eed742fb83434bd4
eval-m5-n200,5,200,3006,lpt,,2096,2096,0.000000,0.086,e4aae835c469b4e5
eval-m5-n200,5,200,3006,multifit,,2096,2096,0.000000,0.513,bc824044ccd539aa
eval-m5-n200,5,200,3006,lpt_ls,,2096,2096,0.000000,0.249,e4aae835c469b4e5
eval-m5-n200,5,200,3006,rol,2,2096,2096,0.000000,1.298,e4aae835c469b4e5
eval-m5-n200,5,200,3007,lpt,,1955,1955,0.000000,0.085,93877766463ce88d
eval-m5-n200,5,200,3007,multifit,,1955,1955,0.000000,0.468,fa5d60ca07365e80
eval-m5-n200,5,200,3007,lpt_ls,,1955,1955,0.000000,0.243,93877766463ce88d
eval-m5-n200,5,200,3007,rol,2,1955,1955,0.000000,1.435,93877766463ce88d
eval-m5-n200,5,200,3008,lpt,,1943,1942,0.051493,0.092,f84331b832865ace
eval-m5-n200,5,200,3008,multifit,,1942,1942,0.000000,0.477,f4013f618cf1d7c0
eval-m5-n200,5,200,3008,lpt_ls,,1942,1942,0.000000,0.475,aff1ca947279b2ef
eval-m5-n200,5,200,3008,rol,2,1943,1942,0.051493,1.154,f84331b832865ace
eval-m5-n200,5,200,3009,lpt,,2121,2121,0.000000,0.089,492f1d652a010726
eval-m5-n200,5,200,3009,multifit,,2121,2121,0.000000,0.501,fc368ff8a9830a02
eval-m5-n200,5,200,3009,lpt_ls,,2121,2121,0.000000,0.316,492f1d652a010726
eval-m5-n200,5,200,3009,rol,2,2121,2121,0.000000,1.276,492f1d652a010726
eval-m5-n200,5,200,3010,lpt,,2254,2253,0.044385,0.085,9a1c52dfedf65bb4
eval-m5-n200,5,200,3010,multifit,,2253,2253,0.000000,0.522,a5cb71cacc53437c
eval-m5-n200,5,200,3010,lpt_ls,,2253,2253,0.000000,0.352,3e00ed1b1c416a4f
eval-m5-n200,5,200,3010,rol,2,2254,2253,0.044385,1.276,9a1c52dfedf65bb4
eval-m5-n200,5,200,3011,lpt,,1968,1968,0.000000,0.082,a5c398c90ab19ded
eval-m5-n200,5,200,3011,multifit,,1968,1968,0.000000,0.469,16656d7cb587262d
eval-m5-n200,5,200,3011,lpt_ls,,1968,1968,0.000000,0.318,a5c398c90ab19ded
eval-m5-n200,5,200,3011,rol,2,1968,1968,0.000000,1.262,a5c398c90ab19ded
eval-m5-n200,5,200,3012,lpt,,2011,2011,0.000000,0.088,b27511a4b25cf2a0
eval-m5-n200,5,200,3012,multifit,,2011,2011,0.000000,0.453,110779ddd435d21a
eval-m5-n200,5,200,3012,lpt_ls,,2011,2011,0.000000,0.303,b27511a4b25cf2a0
eval-m5-n200,5,200,3012,rol,2,2011,2011,0.000000,1.225,b27511a4b25cf2a0
eval-m5-n200,5,200,3013,lpt,,1863,1863,0.000000,0.087,908c63dc6b7ee290
eval-m5-n200,5,200,3013,multifit,,1863,1863,0.000000,0.485,d0ac36262e07d541
eval-m5-n200,5,200,3013,lpt_ls,,1863,1863,0.000000,0.268,908c63dc6b7ee290
eval-m5-n200,5,200,3013,rol,2,1863,1863,0.000000,1.057,908c63dc6b7ee290
eval-m5-n200,5,200,3014,lpt,,1910,1910,0.000000,0.211,880c8698a6c475aa
eval-m5-n200,5,200,3014,multifit,,1910,1910,0.000000,0.793,bd982b7a0fb02fd1
eval-m5-n200,5,200,3014,lpt_ls,,1910,1910,0.000000,0.459,880c8698a6c475aa
eval-m5-n200,5,200,3014,rol,2,1910,1910,0.000000,1.091,880c8698a6c475aa
eval-m5-n200,5,200,3015,lpt,,1908,1908,0.000000,0.093,5218d371e738cbc5
eval-m5-n200,5,200,3015,multifit,,1908,1908,0.000000,0.452,1bd14e34cf2e9f62
eval-m5-n200,5,200,3015,lpt_ls,,1908,1908,0.000000,0.197,5218d371e738cbc5
eval-m5-n200,5,200,3015,rol,2,1908,1908,0.000000,1.946,5218d371e738cbc5
eval-m5-n200,5,200,3016,lpt,,1998,1998,0.000000,0.137,d2bc5261b1eac440
eval-m5-n200,5,200,3016,multifit,,1998,1998,0.000000,0.798,0ce6d62882c86957
eval-m5-n200,5,200,3016,lpt_ls,,1998,1998,0.000000,0.885,d2bc5261b1eac440
eval-m5-n200,5,200,3016,rol,2,1998,1998,0.000000,1.224,d2bc5261b1eac440
eval-m5-n200,5,200,3017,lpt,,1987,1986,0.050352,0.093,5f6d1db26b8bc5cf
eval-m5-n200,5,200,3017,multifit,,1986,1986,0.000000,0.486,3ed426cb5f1d7e60
eval-m5-n200,5,200,3017,lpt_ls,,1986,1986,0.000000,0.464,75dd5c695ea77c93
eval-m5-n200,5,200,3017,rol,2,1987,1986,0.050352,0.942,5f6d1db26b8bc5cf
eval-m5-n200,5,200,3018,lpt,,2034,2034,0.000000,0.097,df99cca8a09a58b6
eval-m5-n200,5,200,3018,multifit,,2034,2034,0.000000,0.469,c2da6724f230cce0
eval-m5-n200,5,200,3018,lpt_ls,,2034,2034,0.000000,0.208,df99cca8a09a58b6
eval-m5-n200,5,200,3018,rol,2,2034,2034,0.000000,1.604,df99cca8a09a58b6
eval-m5-n200,5,200,3019,lpt,,2052,2051,0.048757,0.092,da893642737c240d
eval-m5-n200,5,200,3019,multifit,,2051,2051,0.000000,0.531,aa16881e0d09479f
eval-m5-n200,5,200,3019,lpt_ls,,2051,2051,0.000000,0.900,d021d31986354478
eval-m5-n200,5,200,3019,rol,2,2052,2051,0.048757,1.649,da893642737c240d
eval-m5-n200,5,200,3020,lpt,,1900,1900,0.000000,0.150,ac1afbd5ccf3b848
eval-m5-n200,5,200,3020,multifit,,1900,1900,0.000000,0.964,bd6ccb5853fbfa67
eval-m5-n200,5,200,3020,lpt_ls,,1900,1900,0.000000,0.305,ac1afbd5ccf3b848
eval-m5-n200,5,200,3020,rol,2,1900,1900,0.000000,1.292,ac1afbd5ccf3b848
eval-m5-n200,5,200,3021,lpt,,2005,2005,0.000000,0.091,c783e70129cc5ab4
eval-m5-n200,5,200,3021,multifit,,2005,2005,0.000000,0.475,279ceb5b7f50ba96
eval-m5-n200,5,200,3021,lpt_ls,,2005,2005,0.000000,0.368,c783e70129cc5ab4
eval-m5-n200,5,200,3021,rol,2,2005,2005,0.000000,1.005,c783e70129cc5ab4
eval-m5-n200,5,200,3022,lpt,,2061,2061,0.000000,0.084,d7a1d5697947cf8a
eval-m5-n200,5,200,3022,multifit,,2061,2061,0.000000,0.484,497c5a86950293e2
eval-m5-n200,5,200,3022,lpt_ls,,2061,2061,0.000000,0.320,d7a1d5697947cf8a
eval-m5-n200,5,200,3022,rol,2,2061,2061,0.000000,0.958,d7a1d5697947cf8a
eval-m5-n200,5,200,3023,lpt,,1988,1988,0.000000,0.090,1b17d7885617be02
eval-m5-n200,5,200,3023,multifit,,1988,1988,0.000000,0.473,4b728931edbade95
eval-m5-n200,5,200,3023,lpt_ls,,1988,1988,0.000000,0.325,1b17d7885617be02
eval-m5-n200,5,200,3023,rol,2,1988,1988,0.000000,1.134,1b17d7885617be02
eval-m5-n200,5,200,3024,lpt,,1884,1883,0.053107,0.087,b2c860ae10971f27
eval-m5-n200,5,200,3024,multifit,,1883,1883,0.000000,0.476,4aedab61d2425b78
eval-m5-n200,5,200,3024,lpt_ls,,1884,1883,0.053107,0.249,b2c860ae10971f27
eval-m5-n200,5,200,3024,rol,2,1884,1883,0.053107,1.372,b2c860ae10971f27
eval-m5-n200,5,200,3025,lpt,,1830,1830,0.000000,0.087,ae03e6c50a9bc3d1
eval-m5-n200,5,200,3025,multifit,,1830,1830,0.000000,0.464,d44bca99b3727e37
eval-m5-n200,5,200,3025,lpt_ls,,1830,1830,0.000000,0.190,ae03e6c50a9bc3d1
eval-m5-n200,5,200,3025,rol,2,1830,1830,0.000000,1.389,ae03e6c50a9bc3d1
eval-m5-n200,5,200,3026,lpt,,2032,2032,0.000000,0.141,066231fa4591512b
eval-m5-n200,5,200,3026,multifit,,2032,2032,0.000000,0.889,06ac00f7e2f4ce18
eval-m5-n200,5,200,3026,lpt_ls,,2032,2032,0.000000,0.616,066231fa4591512b
eval-m5-n200,5,200,3026,rol,2,2032,2032,0.000000,1.079,066231fa4591512b
eval-m5-n200,5,200,3027,lpt,,2098,2098,0.000000,0.095,f1e643c3a0e5e4b3
eval-m5-n200,5,200,3027,multifit,,2098,2098,0.000000,0.510,08276975c5e1daed
eval-m5-n200,5,200,3027,lpt_ls,,2098,2098,0.000000,0.364,f1e643c3a0e5e4b3
eval-m5-n200,5,200,3027,rol,2,2098,2098,0.000000,1.047,f1e643c3a0e5e4b3
eval-m5-n200,5,200,3028,lpt,,1993,1993,0.000000,0.086,8b05ed1508d8f7d4
eval-m5-n200,5,200,3028,multifit,,1993,1993,0.000000,0.465,10dfa860a6d535bd
eval-m5-n200,5,200,3028,lpt_ls,,1993,1993,0.000000,0.198,8b05ed1508d8f7d4
eval-m5-n200,5,200,3028,rol,2,1993,1993,0.000000,1.255,8b05ed1508d8f7d4
eval-m5-n200,5,200,3029,lpt,,2005,2005,0.000000,0.087,65e369fd557081de
eval-m5-n200,5,200,3029,multifit,,2005,2005,0.000000,0.482,c85bcf88e8b541a0
eval-m5-n200,5,200,3029,lpt_ls,,2005,2005,0.000000,0.245,65e369fd557081de
eval-m5-n200,5,200,3029,rol,2,2005,2005,0.000000,1.026,65e369fd557081de
eval-m5-n500,5,500,3000,lpt,,4969,4969,0.000000,0.203,79100ba8a5d7779a
eval-m5-n500,5,500,3000,multifit,,4969,4969,0.000000,1.340,fabe4551f8672008
eval-m5-n500,5,500,3000,lpt_ls,,4969,4969,0.000000,0.620,79100ba8a5d7779a
eval-m5-n500,5,500,3000,rol,2,4969,4969,0.000000,3.641,79100ba8a5d7779a
eval-m5-n500,5,500,3001,lpt,,4775,4775,0.000000,0.224,366a16abb4dc454f
eval-m5-n500,5,500,3001,multifit,,4775,4775,0.000000,1.379,42706bfb295bfd13
eval-m5-n500,5,500,3001,lpt_ls,,4775,4775,0.000000,0.957,366a16abb4dc454f
eval-m5-n500,5,500,3001,rol,2,4775,4775,0.000000,3.243,366a16abb4dc454f
eval-m5-n500,5,500,3002,lpt,,4998,4998,0.000000,0.205,6bfe430c66426933
eval-m5-n500,5,500,3002,multifit,,4998,4998,0.000000,1.309,1c11957fb1e66888
eval-m5-n500,5,500,3002,lpt_ls,,4998,4998,0.000000,0.589,6bfe430c66426933
eval-m5-n500,5,500,3002,rol,2,4998,4998,0.000000,2.502,6bfe430c66426933
eval-m5-n500,5,500,3003,lpt,,5087,5087,0.000000,0.205,d2745af275117882
eval-m5-n500,5,500,3003,multifit,,5087,5087,0.000000,1.336,89cd3c973f3bfa55
eval-m5-n500,5,500,3003,lpt_ls,,5087,5087,0.000000,0.449,d2745af275117882
eval-m5-n500,5,500,3003,rol,2,5087,5087,0.000000,2.257,d2745af275117882
eval-m5-n500,5,500,3004,lpt,,5092,5092,0.000000,0.352,637976195c9675f7
eval-m5-n500,5,500,3004,multifit,,5092,5092,0.000000,1.757,ffd00d39010c95f9
eval-m5-n500,5,500,3004,lpt_ls,,5092,5092,0.000000,0.567,637976195c9675f7
eval-m5-n500,5,500,3004,rol,2,5092,5092,0.000000,2.507,637976195c9675f7
eval-m5-n500,5,500,3005,lpt,,4921,4921,0.000000,0.361,41fdbf7e40d182a7
eval-m5-n500,5,500,3005,multifit,,4921,4921,0.000000,2.632,0e24f443505ca66e
eval-m5-n500,5,500,3005,lpt_ls,,4921,4921,0.000000,1.199,41fdbf7e40d182a7
eval-m5-n500,5,500,3005,rol,2,4921,4921,0.000000,2.643,41fdbf7e40d182a7
eval-m5-n500,5,500,3006,lpt,,5124,5124,0.000000,0.217,b36bb112ace117dc
eval-m5-n500,5,500,3006,multifit,,5124,5124,0.000000,1.447,ed64968332c12056
eval-m5-n500,5,500,3006,lpt_ls,,5124,5124,0.000000,1.511,b36bb112ace117dc
eval-m5-n500,5,500,3006,rol,2,5124,5124,0.000000,2.531,b36bb112ace117dc
eval-m5-n500,5,500,3007,lpt,,4901,4901,0.000000,0.208,791a16e6c45cc9d0
eval-m5-n500,5,500,3007,multifit,,4901,4901,0.000000,1.308,256e852b4d55e373
eval-m5-n500,5,500,3007,lpt_ls,,4901,4901,0.000000,0.450,791a16e6c45cc9d0
eval-m5-n500,5,500,3007,rol,2,4901,4901,0.000000,2.603,791a16e6c45cc9d0
eval-m5-n500,5,500,3008,lpt,,4817,4817,0.000000,0.204,6ecee9a50b0e9d6e
eval-m5-n500,5,500,3008,multifit,,4817,4817,0.000000,1.300,851f3a0b2a11aff5
eval-m5-n500,5,500,3008,lpt_ls,,4817,4817,0.000000,0.416,6ecee9a50b0e9d6e
eval-m5-n500,5,500,3008,rol,2,4817,4817,0.000000,2.238,6ecee9a50b0e9d6e
eval-m5-n500,5,500,3009,lpt,,5241,5241,0.000000,0.195,686887ade93c20fa
eval-m5-n500,5,500,3009,multifit,,5241,5241,0.000000,1.286,76509eb5d062f8ad
eval-m5-n500,5,500,3009,lpt_ls,,5241,5241,0.000000,0.734,686887ade93c20fa
eval-m5-n500,5,500,3009,rol,2,5241,5241,0.000000,2.285,686887ade93c20fa
eval-m5-n500,5,500,3010,lpt,,4951,4951,0.000000,0.200,b29ecd36616613b1
eval-m5-n500,5,500,3010,multifit,,4951,4951,0.000000,1.277,a406f5772da223a0
eval-m5-n500,5,500,3010,lpt_ls,,4951,4951,0.000000,0.569,b29ecd36616613b1
eval-m5-n500,5,500,3010,rol,2,4951,4951,0.000000,2.480,b29ecd36616613b1
eval-m5-n500,5,500,3011,lpt,,4791,4791,0.000000,0.199,231dc50a09f4229b
eval-m5-n500,5,500,3011,multifit,,4791,4791,0.000000,1.293,0753f73570b895a7
eval-m5-n500,5,500,3011,lpt_ls,,4791,4791,0.000000,0.984,231dc50a09f4229b
eval-m5-n500,5,500,3011,rol,2,4791,4791,0.000000,3.034,231dc50a09f4229b
eval-m5-n500,5,500,3012,lpt,,5159,5159,0.000000,0.204,90e495b3e7c4e13f
eval-m5-n500,5,500,3012,multifit,,5159,5159,0.000000,1.401,2f1d2d365038b643
eval-m5-n500,5,500,3012,lpt_ls,,5159,5159,0.000000,1.022,90e495b3e7c4e13f
eval-m5-n500,5,500,3012,rol,2,5159,5159,0.000000,2.270,90e495b3e7c4e13f
eval-m5-n500,5,500,3013,lpt,,4898,4898,0.000000,0.208,62c289a2a1bb0a0c
eval-m5-n500,5,500,3013,multifit,,4898,4898,0.000000,1.321,e642e0c82a3c0246
eval-m5-n500,5,500,3013,lpt_ls,,4898,4898,0.000000,0.461,62c289a2a1bb0a0c
eval-m5-n500,5,500,3013,rol,2,4898,4898,0.000000,2.407,62c289a2a1bb0a0c
eval-m5-n500,5,500,3014,lpt,,4965,4965,0.000000,0.206,59676b13588165ab
eval-m5-n500,5,500,3014,multifit,,4965,4965,0.000000,1.298,07d30f1df7a859d4
eval-m5-n500,5,500,3014,lpt_ls,,4965,4965,0.000000,0.576,59676b13588165ab
eval-m5-n500,5,500,3014,rol,2,4965,4965,0.000000,2.251,59676b13588165ab
eval-m5-n500,5,500,3015,lpt,,4865,4865,0.000000,0.198,2ac0beec99f418a7
eval-m5-n500,5,500,3015,multifit,,4865,4865,0.000000,1.323,283dcafb2c3942a0
eval-m5-n500,5,500,3015,lpt_ls,,4865,4865,0.000000,0.886,2ac0beec99f418a7
eval-m5-n500,5,500,3015,rol,2,4865,4865,0.000000,2.339,2ac0beec99f418a7
eval-m5-n500,5,500,3016,lpt,,5011,5011,0.000000,0.214,134d53da8cd84b81
eval-m5-n500,5,500,3016,multifit,,5011,5011,0.000000,1.298,3d1b43518a921344
eval-m5-n500,5,500,3016,lpt_ls,,5011,5011,0.000000,0.445,134d53da8cd84b81
eval-m5-n500,5,500,3016,rol,2,5011,5011,0.000000,2.426,134d53da8cd84b81
eval-m5-n500,5,500,3017,lpt,,4954,4954,0.000000,0.211,6bc9293cff6e1704
eval-m5-n500,5,500,3017,multifit,,4954,4954,0.000000,1.368,61cc93ac849710ce
eval-m5-n500,5,500,3017,lpt_ls,,4954,4954,0.000000,0.684,6bc9293cff6e1704
eval-m5-n500,5,500,3017,rol,2,4954,4954,0.000000,1.992,6bc9293cff6e1704
eval-m5-n500,5,500,3018,lpt,,5313,5313,0.000000,0.231,dc9b38ef9647b96c
eval-m5-n500,5,500,3018,multifit,,5313,5313,0.000000,1.318,1eb57c90beb615ce
eval-m5-n500,5,500,3018,lpt_ls,,5313,5313,0.000000,0.611,dc9b38ef9647b96c
eval-m5-n500,5,500,3018,rol,2,5313,5313,0.000000,2.421,dc9b38ef9647b96c
eval-m5-n500,5,500,3019,lpt,,4971,4971,0.000000,0.198,6f5ef50efed7ebaf
eval-m5-n500,5,500,3019,multifit,,4971,4971,0.000000,1.325,1132699ff69a685c
eval-m5-n500,5,500,3019,lpt_ls,,4971,4971,0.000000,0.440,6f5ef50efed7ebaf
eval-m5-n500,5,500,3019,rol,2,4971,4971,0.000000,2.403,6f5ef50efed7ebaf
eval-m5-n500,5,500,3020,lpt,,4668,4668,0.000000,0.201,2737affd71bca2af
eval-m5-n500,5,500,3020,multifit,,4668,4668,0.000000,1.327,6e46d876152fc8d4
eval-m5-n500,5,500,3020,lpt_ls,,4668,4668,0.000000,0.914,2737affd71bca2af
eval-m5-n500,5,500,3020,rol,2,4668,4668,0.000000,2.734,2737affd71bca2af
eval-m5-n500,5,500,3021,lpt,,5181,5181,0.000000,0.193,312c7cd868020564
eval-m5-n500,5,500,3021,multifit,,5181,5181,0.000000,1.326,6133d5a74cfe1f02
eval-m5-n500,5,500,3021,lpt_ls,,5181,5181,0.000000,0.420,312c7cd868020564
eval-m5-n500,5,500,3021,rol,2,5181,5181,0.000000,2.205,312c7cd868020564
eval-m5-n500,5,500,3022,lpt,,5029,5029,0.000000,0.200,a05fdd9e83ad452c
eval-m5-n500,5,500,3022,multifit,,5029,5029,0.000000,1.296,bd49a5ca1ad26880
eval-m5-n500,5,500,3022,lpt_ls,,5029,5029,0.000000,0.551,a05fdd9e83ad452c
eval-m5-n500,5,500,3022,rol,2,5029,5029,0.000000,2.106,a05fdd9e83ad452c
eval-m5-n500,5,500,3023,lpt,,5050,5050,0.000000,0.199,40bcb4a58c234642
eval-m5-n500,5,500,3023,multifit,,5050,5050,0.000000,1.370,7a3eddc795e504d6
eval-m5-n500,5,500,3023,lpt_ls,,5050,5050,0.000000,0.561,40bcb4a58c234642
eval-m5-n500,5,500,3023,rol,2,5050,5050,0.000000,2.172,40bcb4a58c234642
eval-m5-n500,5,500,3024,lpt,,4981,4981,0.000000,0.195,6d199ed078b88815
eval-m5-n500,5,500,3024,multifit,,4981,4981,0.000000,1.288,f621ebdee4141430
eval-m5-n500,5,500,3024,lpt_ls,,4981,4981,0.000000,0.797,6d199ed078b88815
eval-m5-n500,5,500,3024,rol,2,4981,4981,0.000000,2.507,6d199ed078b88815
eval-m5-n500,5,500,3025,lpt,,4852,4852,0.000000,0.197,b3ce75afabc0eb05
eval-m5-n500,5,500,3025,multifit,,4852,4852,0.000000,1.326,0415e0812ca0c4ff
eval-m5-n500,5,500,3025,lpt_ls,,4852,4852,0.000000,0.779,b3ce75afabc0eb05
eval-m5-n500,5,500,3025,rol,2,4852,4852,0.000000,2.089,b3ce75afabc0eb05
eval-m5-n500,5,500,3026,lpt,,4950,4950,0.000000,0.202,e1ab46596e7e0613
eval-m5-n500,5,500,3026,multifit,,4950,4950,0.000000,1.371,24c85c3672eaad4e
eval-m5-n500,5,500,3026,lpt_ls,,4950,4950,0.000000,0.423,e1ab46596e7e0613
eval-m5-n500,5,500,3026,rol,2,4950,4950,0.000000,2.322,e1ab46596e7e0613
eval-m5-n500,5,500,3027,lpt,,5340,5340,0.000000,0.201,d48ee97f9265ce70
eval-m5-n500,5,500,3027,multifit,,5340,5340,0.000000,1.299,f26bc46aaec47a56
eval-m5-n500,5,500,3027,lpt_ls,,5340,5340,0.000000,0.562,d48ee97f9265ce70
eval-m5-n500,5,500,3027,rol,2,5340,5340,0.000000,2.211,d48ee97f9265ce70
eval-m5-n500,5,500,3028,lpt,,5145,5145,0.000000,0.204,59c57ce0b1e1711b
eval-m5-n500,5,500,3028,multifit,,5145,5145,0.000000,1.296,bb87000341659f3a
eval-m5-n500,5,500,3028,lpt_ls,,5145,5145,0.000000,0.684,59c57ce0b1e1711b
eval-m5-n500,5,500,3028,rol,2,5145,5145,0.000000,2.244,59c57ce0b1e1711b
eval-m5-n500,5,500,3029,lpt,,5060,5060,0.000000,0.197,0d648410f2d7cfbc
eval-m5-n500,5,500,3029,multifit,,5060,5060,0.000000,1.340,f42831268e35fb71
eval-m5-n500,5,500,3029,lpt_ls,,5060,5060,0.000000,0.957,0d648410f2d7cfbc
eval-m5-n500,5,500,3029,rol,2,5060,5060,0.000000,2.420,0d648410f2d7cfbc
eval-m7-n30,7,30,3000,lpt,,203,199,2.010050,0.021,ec7593b840298037
eval-m7-n30,7,30,3000,multifit,,200,199,0.502513,0.077,223749679d50024e
eval-m7-n30,7,30,3000,lpt_ls,,202,199,1.507538,0.228,6d770c8a5ddb9208
eval-m7-n30,7,30,3000,rol,1,200,199,0.502513,0.181,33f7b936466fd2b7
eval-m7-n30,7,30,3001,lpt,,248,245,1.224490,0.020,52be5264a578e3ab
eval-m7-n30,7,30,3001,multifit,,245,245,0.000000,0.079,7619c549ddd570e2
eval-m7-n30,7,30,3001,lpt_ls,,248,245,1.224490,0.156,52be5264a578e3ab
eval-m7-n30,7,30,3001,rol,1,247,245,0.816327,0.228,387514f3857c75ce
eval-m7-n30,7,30,3002,lpt,,210,205,2.439024,0.019,6594df6d80a70997
eval-m7-n30,7,30,3002,multifit,,207,205,0.975610,0.068,86ee812c88b23475
eval-m7-n30,7,30,3002,lpt_ls,,207,205,0.975610,0.286,bd581ba09480fca3
eval-m7-n30,7,30,3002,rol,1,207,205,0.975610,0.200,2281e583b9095ce2
eval-m7-n30,7,30,3003,lpt,,221,217,1.843318,0.020,e77a77be6fc33842
eval-m7-n30,7,30,3003,multifit,,218,217,0.460829,0.078,717363cb29cf7486
eval-m7-n30,7,30,3003,lpt_ls,,218,217,0.460829,0.326,3e9a6e1c6cfd8f96
eval-m7-n30,7,30,3003,rol,1,218,217,0.460829,0.190,45232d3fc9fc5f3f
eval-m7-n30,7,30,3004,lpt,,231,230,0.434783,0.018,af6cece0f6825550
eval-m7-n30,7,30,3004,multifit,,232,230,0.869565,0.070,dab474ac0149bcf7
eval-m7-n30,7,30,3004,lpt_ls,,231,230,0.434783,0.157,af6cece0f6825550
eval-m7-n30,7,30,3004,rol,1,231,230,0.434783,0.186,af6cece0f6825550
eval-m7-n30,7,30,3005,lpt,,236,231,2.164502,0.020,18664ba03107b742
eval-m7-n30,7,30,3005,multifit,,232,231,0.432900,0.075,70e747ce00ec1b5c
eval-m7-n30,7,30,3005,lpt_ls,,232,231,0.432900,0.327,0974e711110e00b4
eval-m7-n30,7,30,3005,rol,1,231,231,0.000000,0.179,d0ce67adf96e61ea
eval-m7-n30,7,30,3006,lpt,,215,203,5.911330,0.019,31cfce5788865817
eval-m7-n30,7,30,3006,multifit,,204,203,0.492611,0.072,0a13030924fb8c68
eval-m7-n30,7,30,3006,lpt_ls,,206,203,1.477833,0.343,de2e006bcadf3b3f
eval-m7-n30,7,30,3006,rol,1,206,203,1.477833,0.155,e6027a00881b26ae
eval-m7-n30,7,30,3007,lpt,,201,195,3.076923,0.019,b93375362a9b68cc
eval-m7-n30,7,30,3007,multifit,,196,195,0.512821,0.114,ffa6369bec0d36f2
eval-m7-n30,7,30,3007,lpt_ls,,197,195,1.025641,0.286,74efdda6e003ddf6
eval-m7-n30,7,30,3007,rol,1,196,195,0.512821,0.197,82d57f50d3660c11
eval-m7-n30,7,30,3008,lpt,,220,216,1.851852,0.020,5eb008cb7af9972e
eval-m7-n30,7,30,3008,multifit,,217,216,0.462963,0.074,b5ebbc38ea5ea96d
eval-m7-n30,7,30,3008,lpt_ls,,219,216,1.388889,0.267,1c68a905c663e60d
eval-m7-n30,7,30,3008,rol,1,217,216,0.462963,0.188,021d22da371dd8ba
eval-m7-n30,7,30,3009,lpt,,232,229,1.310044,0.019,191372644d6dda4a
eval-m7-n30,7,30,3009,multifit,,231,229,0.873362,0.070,ee636c3a47164908
eval-m7-n30,7,30,3009,lpt_ls,,231,229,0.873362,0.216,4c554d56f5beb850
eval-m7-n30,7,30,3009,rol,1,232,229,1.310044,0.238,191372644d6dda4a
eval-m7-n30,7,30,3010,lpt,,231,229,0.873362,0.019,f64e37041c52a224
eval-m7-n30,7,30,3010,multifit,,230,229,0.436681,0.077,4e88e6531cc813fc
eval-m7-n30,7,30,3010,lpt_ls,,230,229,0.436681,0.210,5bcb26d692ca62c1
eval-m7-n30,7,30,3010,rol,1,230,229,0.436681,0.181,59e0bbffda17103c
eval-m7-n30,7,30,3011,lpt,,222,218,1.834862,0.018,5f6ef91bf3e08d2c
eval-m7-n30,7,30,3011,multifit,,219,218,0.458716,0.073,614a2a415044c7f2
eval-m7-n30,7,30,3011,lpt_ls,,221,218,1.376147,0.214,5e827a5660fa0646
eval-m7-n30,7,30,3011,rol,1,221,218,1.376147,0.198,ac203085610d4c9f
eval-m7-n30,7,30,3012,lpt,,206,202,1.980198,0.019,89d38348029d2208
eval-m7-n30,7,30,3012,multifit,,205,202,1.485149,0.070,ba28ed9911304b7c
eval-m7-n30,7,30,3012,lpt_ls,,205,202,1.485149,0.321,08cd7fe2a799043d
eval-m7-n30,7,30,3012,rol,1,205,202,1.485149,0.198,22881bcd521793da
eval-m7-n30,7,30,3013,lpt,,202,199,1.507538,0.019,83374e4f18cda5c8
eval-m7-n30,7,30,3013,multifit,,200,199,0.502513,0.075,5bd1cffa98e86654
eval-m7-n30,7,30,3013,lpt_ls,,201,199,1.005025,0.216,553a88efd250a470
eval-m7-n30,7,30,3013,rol,1,200,199,0.502513,0.194,0cc77ba53d1d0126
eval-m7-n30,7,30,3014,lpt,,182,176,3.409091,0.018,0a39fdd0b7c80411
eval-m7-n30,7,30,3014,multifit,,176,176,0.000000,0.076,182deb76d3b87140
eval-m7-n30,7,30,3014,lpt_ls,,176,176,0.000000,0.630,0621d9d9a86f5e90
eval-m7-n30,7,30,3014,rol,1,177,176,0.568182,0.206,9d1d902f620197fc
eval-m7-n30,7,30,3015,lpt,,210,206,1.941748,0.020,d4c9261038d7db51
eval-m7-n30,7,30,3015,multifit,,206,206,0.000000,0.082,78d9117c514fbf59
eval-m7-n30,7,30,3015,lpt_ls,,207,206,0.485437,0.218,3d0845b320647b6a
eval-m7-n30,7,30,3015,rol,1,207,206,0.485437,0.187,0c963a92eb0904d7
eval-m7-n30,7,30,3016,lpt,,235,223,5.381166,0.018,44705bf97ede6222
eval-m7-n30,7,30,3016,multifit,,224,223,0.448430,0.074,86e9e3bbe69d8640
eval-m7-n30,7,30,3016,lpt_ls,,225,223,0.896861,0.406,e9fcc24adf71d691
eval-m7-n30,7,30,3016,rol,1,229,223,2.690583,0.158,e2eb967ee7779327
eval-m7-n30,7,30,3017,lpt,,236,229,3.056769,0.018,f46efa5bba1db1c2
eval-m7-n30,7,30,3017,multifit,,231,229,0.873362,0.070,b276229b85342b3e
eval-m7-n30,7,30,3017,lpt_ls,,231,229,0.873362,0.213,457c866abb0663cb
eval-m7-n30,7,30,3017,rol,1,236,229,3.056769,0.207,f46efa5bba1db1c2
eval-m7-n30,7,30,3018,lpt,,222,214,3.738318,0.027,93a553f4adbc1b1e
eval-m7-n30,7,30,3018,multifit,,215,214,0.467290,0.078,ecef84a959d9b27c
eval-m7-n30,7,30,3018,lpt_ls,,218,214,1.869159,0.244,1ab1ae50c506d56b
eval-m7-n30,7,30,3018,rol,1,216,214,0.934579,0.188,649b704af2f5e800
eval-m7-n30,7,30,3019,lpt,,233,223,4.484305,0.021,a73254b4bcf9a7b8
eval-m7-n30,7,30,3019,multifit,,224,223,0.448430,0.076,3b9d545a176f983e
eval-m7-n30,7,30,3019,lpt_ls,,230,223,3.139013,0.288,ef9243dba51259f8
eval-m7-n30,7,30,3019,rol,1,224,223,0.448430,0.176,4359bdea949e46be
eval-m7-n30,7,30,3020,lpt,,157,155,1.290323,0.020,22e582b961dc4a31
eval-m7-n30,7,30,3020,multifit,,155,155,0.000000,0.067,3f71a7042433db1d
eval-m7-n30,7,30,3020,lpt_ls,,157,155,1.290323,0.163,22e582b961dc4a31
eval-m7-n30,7,30,3020,rol,1,156,155,0.645161,0.188,fea1eed1863f9662
eval-m7-n30,7,30,3021,lpt,,213,211,0.947867,0.020,6b4329bdafb1de45
eval-m7-n30,7,30,3021,multifit,,213,211,0.947867,0.070,066b2cfb0eb6eb9f
eval-m7-n30,7,30,3021,lpt_ls,,212,211,0.473934,0.227,f19a9c0200e7a94c
eval-m7-n30,7,30,3021,rol,1,212,211,0.473934,0.195,7ac7d1c433908281
eval-m7-n30,7,30,3022,lpt,,231,230,0.434783,0.020,ebc91780bd64c787
eval-m7-n30,7,30,3022,multifit,,232,230,0.869565,0.071,58614fb3502e2d55
eval-m7-n30,7,30,3022,lpt_ls,,231,230,0.434783,0.149,ebc91780bd64c787
eval-m7-n30,7,30,3022,rol,1,231,230,0.434783,0.204,ebc91780bd64c787
eval-m7-n30,7,30,3023,lpt,,197,194,1.546392,0.019,74768cb89c10b378
eval-m7-n30,7,30,3023,multifit,,195,194,0.515464,0.073,9adcedec98dbd175
eval-m7-n30,7,30,3023,lpt_ls,,196,194,1.030928,0.226,d4a49284eab267e0
eval-m7-n30,7,30,3023,rol,1,195,194,0.515464,0.174,a72a71ed0febd4e1
eval-m7-n30,7,30,3024,lpt,,207,201,2.985075,0.020,30e8ec5b3dbe4e34
eval-m7-n30,7,30,3024,multifit,,203,201,0.995025,0.069,0fcef731a3d76298
eval-m7-n30,7,30,3024,lpt_ls,,205,201,1.990050,0.224,bb8e0230d2c2636e
eval-m7-n30,7,30,3024,rol,1,203,201,0.995025,0.170,a11ccac72b8ce46b
eval-m7-n30,7,30,3025,lpt,,194,190,2.105263,0.019,a44e0f1f8dfd513b
eval-m7-n30,7,30,3025,multifit,,190,190,0.000000,0.074,623745b3f0189286
eval-m7-n30,7,30,3025,lpt_ls,,192,190,1.052632,0.213,e41173491963c215
eval-m7-n30,7,30,3025,rol,1,190,190,0.000000,0.166,677e603798896f69
eval-m7-n30,7,30,3026,lpt,,189,186,1.612903,0.020,32ae2bfce86a5fb9
eval-m7-n30,7,30,3026,multifit,,187,186,0.537634,0.076,ca5b7a33d19a282f
eval-m7-n30,7,30,3026,lpt_ls,,187,186,0.537634,0.326,63de23d6de781a57
eval-m7-n30,7,30,3026,rol,1,186,186,0.000000,0.207,37262e25c24955ec
eval-m7-n30,7,30,3027,lpt,,240,238,0.840336,0.022,8a9663d2894d4f91
eval-m7-n30,7,30,3027,multifit,,240,238,0.840336,0.072,21202896ce6b3ed9
eval-m7-n30,7,30,3027,lpt_ls,,240,238,0.840336,0.212,8a9663d2894d4f91
eval-m7-n30,7,30,3027,rol,1,240,238,0.840336,0.187,8a9663d2894d4f91
eval-m7-n30,7,30,3028,lpt,,211,205,2.926829,0.020,02d98a17ca110642
eval-m7-n30,7,30,3028,multifit,,207,205,0.975610,0.072,ecbffa117cd5e922
eval-m7-n30,7,30,3028,lpt_ls,,207,205,0.975610,0.408,cb5fb085eaa4901e
eval-m7-n30,7,30,3028,rol,1,207,205,0.975610,0.178,27fa805db5978a4b
eval-m7-n30,7,30,3029,lpt,,199,195,2.051282,0.020,b86b49cb96582411
eval-m7-n30,7,30,3029,multifit,,198,195,1.538462,0.071,41bc31744bb59a0a
eval-m7-n30,7,30,3029,lpt_ls,,199,195,2.051282,0.203,b86b49cb96582411
eval-m7-n30,7,30,3029,rol,1,197,195,1.025641,0.192,6e93378aa649127e
eval-m7-n50,7,50,3000,lpt,,336,333,0.900901,0.028,dcd7445d3b23dc72
eval-m7-n50,7,50,3000,multifit,,334,333,0.300300,0.126,a0b0f3f2ec3017a2
eval-m7-n50,7,50,3000,lpt_ls,,334,333,0.300300,0.277,036f7cde566a8245
eval-m7-n50,7,50,3000,rol,1,335,333,0.600601,0.319,835a0e57ac2f9095
eval-m7-n50,7,50,3001,lpt,,395,388,1.804124,0.036,511278ddac7273ed
eval-m7-n50,7,50,3001,multifit,,389,388,0.257732,0.138,6061a5dd61248d81
eval-m7-n50,7,50,3001,lpt_ls,,395,388,1.804124,0.228,511278ddac7273ed
eval-m7-n50,7,50,3001,rol,1,389,388,0.257732,0.259,cb0f56720726b6fc
eval-m7-n50,7,50,3002,lpt,,324,322,0.621118,0.029,57687bc132616a1f
eval-m7-n50,7,50,3002,multifit,,323,322,0.310559,0.126,626d1d26d5deb3f0
eval-m7-n50,7,50,3002,lpt_ls,,323,322,0.310559,0.288,cf662e5a99766684
eval-m7-n50,7,50,3002,rol,1,323,322,0.310559,0.366,3cc44adab020e475
eval-m7-n50,7,50,3003,lpt,,346,343,0.874636,0.027,fd8b80386e886e33
eval-m7-n50,7,50,3003,multifit,,344,343,0.291545,0.131,9af57d0e3dbab4c8
eval-m7-n50,7,50,3003,lpt_ls,,345,343,0.583090,0.249,9d10e8474d51847c
eval-m7-n50,7,50,3003,rol,1,345,343,0.583090,0.314,b0939c1139461b17
eval-m7-n50,7,50,3004,lpt,,376,371,1.347709,0.030,62e75edd3cb891e1
eval-m7-n50,7,50,3004,multifit,,371,371,0.000000,0.133,4edd0e0b4cb03a8b
eval-m7-n50,7,50,3004,lpt_ls,,375,371,1.078167,0.301,44419684d83a03b0
eval-m7-n50,7,50,3004,rol,1,373,371,0.539084,0.275,4d6864c038c8f342
eval-m7-n50,7,50,3005,lpt,,396,390,1.538462,0.029,a5f9f16ecd01cc9c
eval-m7-n50,7,50,3005,multifit,,392,390,0.512821,0.119,34d917a139ca1eab
eval-m7-n50,7,50,3005,lpt_ls,,394,390,1.025641,0.320,0d2e37ae67a1bd88
eval-m7-n50,7,50,3005,rol,1,396,390,1.538462,0.293,a5f9f16ecd01cc9c
eval-m7-n50,7,50,3006,lpt,,354,354,0.000000,0.029,d157309021a485cd
eval-m7-n50,7,50,3006,multifit,,354,354,0.000000,0.132,9836c8ae44b9f9e5
eval-m7-n50,7,50,3006,lpt_ls,,354,354,0.000000,0.166,d157309021a485cd
eval-m7-n50,7,50,3006,rol,1,354,354,0.000000,0.307,d157309021a485cd
eval-m7-n50,7,50,3007,lpt,,316,316,0.000000,0.027,e09551c6338cd6a9
eval-m7-n50,7,50,3007,multifit,,316,316,0.000000,0.126,1e0900f24f36de9d
eval-m7-n50,7,50,3007,lpt_ls,,316,316,0.000000,0.223,e09551c6338cd6a9
eval-m7-n50,7,50,3007,rol,1,316,316,0.000000,0.353,e09551c6338cd6a9
eval-m7-n50,7,50,3008,lpt,,348,346,0.578035,0.030,b8231b187e23de0f
eval-m7-n50,7,50,3008,multifit,,346,346,0.000000,0.130,fa96e189bc013b46
eval-m7-n50,7,50,3008,lpt_ls,,347,346,0.289017,0.237,375667c565b5afed
eval-m7-n50,7,50,3008,rol,1,346,346,0.000000,0.399,af909483ad52df8f
eval-m7-n50,7,50,3009,lpt,,362,358,1.117318,0.050,bf9edad8cf7d3617
eval-m7-n50,7,50,3009,multifit,,358,358,0.000000,0.155,e97064b2ee10a5d6
eval-m7-n50,7,50,3009,lpt_ls,,360,358,0.558659,0.331,896f816a7133e9ad
eval-m7-n50,7,50,3009,rol,1,360,358,0.558659,0.290,6c74fc1c0a7ad97b
eval-m7-n50,7,50,3010,lpt,,407,402,1.243781,0.031,5ecb077bd9196efa
eval-m7-n50,7,50,3010,multifit,,403,402,0.248756,0.135,02eb7c31fee905ea
eval-m7-n50,7,50,3010,lpt_ls,,404,402,0.497512,0.308,ac153e20a3d630d7
eval-m7-n50,7,50,3010,rol,1,405,402,0.746269,0.274,548e8c544d0d678b
eval-m7-n50,7,50,3011,lpt,,374,371,0.808625,0.029,5134c48accef15c7
eval-m7-n50,7,50,3011,multifit,,372,371,0.269542,0.133,1417de5b0998af20
eval-m7-n50,7,50,3011,lpt_ls,,372,371,0.269542,0.301,2d6692c6f3a036aa
eval-m7-n50,7,50,3011,rol,1,374,371,0.808625,0.330,5134c48accef15c7
eval-m7-n50,7,50,3012,lpt,,370,364,1.648352,0.029,e734f004509eb17f
eval-m7-n50,7,50,3012,multifit,,364,364,0.000000,0.134,45c49b8dc66efe73
eval-m7-n50,7,50,3012,lpt_ls,,365,364,0.274725,0.314,d920467c78e2f3bf
eval-m7-n50,7,50,3012,rol,1,370,364,1.648352,0.409,e734f004509eb17f
eval-m7-n50,7,50,3013,lpt,,377,374,0.802139,0.030,b7b28203c9df5f55
eval-m7-n50,7,50,3013,multifit,,375,374,0.267380,0.134,468bb8609e48f3d7
eval-m7-n50,7,50,3013,lpt_ls,,377,374,0.802139,0.226,b7b28203c9df5f55
eval-m7-n50,7,50,3013,rol,1,375,374,0.267380,0.298,38ec123ca0a835ac
eval-m7-n50,7,50,3014,lpt,,337,335,0.597015,0.027,f561ef6a58df865a
eval-m7-n50,7,50,3014,multifit,,335,335,0.000000,0.120,f0bed12e41897bb6
eval-m7-n50,7,50,3014,lpt_ls,,336,335,0.298507,0.236,c1efc1328c752970
eval-m7-n50,7,50,3014,rol,1,336,335,0.298507,0.291,adbe54e399f351a1
eval-m7-n50,7,50,3015,lpt,,336,336,0.000000,0.028,491e04702fa4dbee
eval-m7-n50,7,50,3015,multifit,,336,336,0.000000,0.121,04c7a9f39945c4d7
eval-m7-n50,7,50,3015,lpt_ls,,336,336,0.000000,0.223,491e04702fa4dbee
eval-m7-n50,7,50,3015,rol,1,336,336,0.000000,0.326,491e04702fa4dbee
eval-m7-n50,7,50,3016,lpt,,356,354,0.564972,0.030,c835f17a4e9b4a01
eval-m7-n50,7,50,3016,multifit,,355,354,0.282486,0.133,8ef527f946f2d846
eval-m7-n50,7,50,3016,lpt_ls,,355,354,0.282486,0.247,4876b978b27faf48
eval-m7-n50,7,50,3016,rol,1,356,354,0.564972,0.366,c835f17a4e9b4a01
eval-m7-n50,7,50,3017,lpt,,354,352,0.568182,0.028,4f37354db2c7ab0f
eval-m7-n50,7,50,3017,multifit,,353,352,0.284091,0.132,ff1d88a072f20feb
eval-m7-n50,7,50,3017,lpt_ls,,354,352,0.568182,0.232,4f37354db2c7ab0f
eval-m7-n50,7,50,3017,rol,1,354,352,0.568182,0.247,4f37354db2c7ab0f
eval-m7-n50,7,50,3018,lpt,,414,410,0.975610,0.030,787c5a6787c6273f
eval-m7-n50,7,50,3018,multifit,,411,410,0.243902,0.127,ccc2432938911d93
eval-m7-n50,7,50,3018,lpt_ls,,413,410,0.731707,0.241,8c971313414c8220
eval-m7-n50,7,50,3018,rol,1,414,410,0.975610,0.380,787c5a6787c6273f
eval-m7-n50,7,50,3019,lpt,,356,353,0.849858,0.026,51957ea380ea4f35
eval-m7-n50,7,50,3019,multifit,,354,353,0.283286,0.129,de23b2eff2ce17d0
eval-m7-n50,7,50,3019,lpt_ls,,353,353,0.000000,0.420,a2cb2e223d4bdf41
eval-m7-n50,7,50,3019,rol,1,354,353,0.283286,0.269,85ba85500387c6cd
eval-m7-n50,7,50,3020,lpt,,291,290,0.344828,0.027,b643636ea6788855
eval-m7-n50,7,50,3020,multifit,,290,290,0.000000,0.129,8333934542d65437
eval-m7-n50,7,50,3020,lpt_ls,,290,290,0.000000,0.404,80e2e4b7150c9c0a
eval-m7-n50,7,50,3020,rol,1,291,290,0.344828,0.367,b643636ea6788855
eval-m7-n50,7,50,3021,lpt,,360,354,1.694915,0.029,aab23cd2ca02f465
eval-m7-n50,7,50,3021,multifit,,355,354,0.282486,0.130,910d1239eaab7008
eval-m7-n50,7,50,3021,lpt_ls,,357,354,0.847458,0.244,f40d7ab927230e2a
eval-m7-n50,7,50,3021,rol,1,357,354,0.847458,0.306,780442ade0c483a4
eval-m7-n50,7,50,3022,lpt,,364,361,0.831025,0.029,1d90ad70dbd8439e
eval-m7-n50,7,50,3022,multifit,,362,361,0.277008,0.130,5b62fc8ab5c03168
eval-m7-n50,7,50,3022,lpt_ls,,361,361,0.000000,0.349,dac43c913ac6006b
eval-m7-n50,7,50,3022,rol,1,361,361,0.000000,0.287,800c86afb9c39d61
eval-m7-n50,7,50,3023,lpt,,347,344,0.872093,0.028,0ce626760ee3b4e8
eval-m7-n50,7,50,3023,multifit,,345,344,0.290698,0.133,2f810dafde7e1a26
eval-m7-n50,7,50,3023,lpt_ls,,345,344,0.290698,0.356,a3f2192bb19ce391
eval-m7-n50,7,50,3023,rol,1,345,344,0.290698,0.352,0cc30149af865e28
eval-m7-n50,7,50,3024,lpt,,329,327,0.611621,0.029,da9345a03a79bba2
eval-m7-n50,7,50,3024,multifit,,327,327,0.000000,0.126,07977914ac06df01
eval-m7-n50,7,50,3024,lpt_ls,,328,327,0.305810,0.242,383ebe15f62a5e37
eval-m7-n50,7,50,3024,rol,1,327,327,0.000000,0.304,401acc260bf187ef
eval-m7-n50,7,50,3025,lpt,,360,358,0.558659,0.029,adce50c6239a8614
eval-m7-n50,7,50,3025,multifit,,359,358,0.279330,0.132,edf270067d0588f6
eval-m7-n50,7,50,3025,lpt_ls,,359,358,0.279330,0.300,7a8f56723fd951c9
eval-m7-n50,7,50,3025,rol,1,359,358,0.279330,0.374,8750b4ff28b824bc
eval-m7-n50,7,50,3026,lpt,,358,358,0.000000,0.047,a2ba1589dc74093b
eval-m7-n50,7,50,3026,multifit,,359,358,0.279330,0.205,4ecce848aa109d79
eval-m7-n50,7,50,3026,lpt_ls,,358,358,0.000000,0.457,a2ba1589dc74093b
eval-m7-n50,7,50,3026,rol,1,358,358,0.000000,0.392,a2ba1589dc74093b
eval-m7-n50,7,50,3027,lpt,,394,392,0.510204,0.029,6509892424b9d598
eval-m7-n50,7,50,3027,multifit,,392,392,0.000000,0.132,ed609c4e459e6adf
eval-m7-n50,7,50,3027,lpt_ls,,392,392,0.000000,0.414,a577658cbe0a67bd
eval-m7-n50,7,50,3027,rol,1,392,392,0.000000,0.322,de1fa5fc18605026
eval-m7-n50,7,50,3028,lpt,,349,345,1.159420,0.031,41b059d9a980dbe9
eval-m7-n50,7,50,3028,multifit,,347,345,0.579710,0.127,d817e1f2af72b26a
eval-m7-n50,7,50,3028,lpt_ls,,346,345,0.289855,0.318,445ac331f58f633a
eval-m7-n50,7,50,3028,rol,1,347,345,0.579710,0.310,ed53d1da4754947d
eval-m7-n50,7,50,3029,lpt,,340,335,1.492537,0.030,43c8aa9aa426bb5d
eval-m7-n50,7,50,3029,multifit,,336,335,0.298507,0.122,b24fae0108f2a521
eval-m7-n50,7,50,3029,lpt_ls,,336,335,0.298507,0.365,6f5bcdf83398606f
eval-m7-n50,7,50,3029,rol,1,337,335,0.597015,0.290,d181d04dfc086e24
eval-m7-n100,7,100,3000,lpt,,708,707,0.141443,0.054,6441e04899239673
eval-m7-n100,7,100,3000,multifit,,707,707,0.000000,0.272,56353b66d3df2ac0
eval-m7-n100,7,100,3000,lpt_ls,,708,707,0.141443,0.218,6441e04899239673
eval-m7-n100,7,100,3000,rol,1,708,707,0.141443,0.578,6441e04899239673
eval-m7-n100,7,100,3001,lpt,,719,719,0.000000,0.051,2f2aa750e1de7649
eval-m7-n100,7,100,3001,multifit,,719,719,0.000000,0.295,cb2f2eb79b597f1c
eval-m7-n100,7,100,3001,lpt_ls,,719,719,0.000000,0.360,2f2aa750e1de7649
eval-m7-n100,7,100,3001,rol,1,719,719,0.000000,0.761,2f2aa750e1de7649
eval-m7-n100,7,100,3002,lpt,,644,644,0.000000,0.052,d436a89926ae0075
eval-m7-n100,7,100,3002,multifit,,644,644,0.000000,0.265,105438f25f5e9084
eval-m7-n100,7,100,3002,lpt_ls,,644,644,0.000000,0.411,d436a89926ae0075
eval-m7-n100,7,100,3002,rol,1,644,644,0.000000,0.592,d436a89926ae0075
eval-m7-n100,7,100,3003,lpt,,721,720,0.138889,0.049,30916e76bd75e834
eval-m7-n100,7,100,3003,multifit,,720,720,0.000000,0.258,40b8abaa5db571af
eval-m7-n100,7,100,3003,lpt_ls,,720,720,0.000000,0.556,02b80bf505f3c60d
eval-m7-n100,7,100,3003,rol,1,720,720,0.000000,0.627,2965f0137b5c2805
eval-m7-n100,7,100,3004,lpt,,799,798,0.125313,0.050,1d1cb8ced2f26094
eval-m7-n100,7,100,3004,multifit,,798,798,0.000000,0.277,0740aa8e450ba4b4
eval-m7-n100,7,100,3004,lpt_ls,,798,798,0.000000,0.404,7dd9533f32ea847c
eval-m7-n100,7,100,3004,rol,1,799,798,0.125313,0.573,1d1cb8ced2f26094
eval-m7-n100,7,100,3005,lpt,,746,745,0.134228,0.052,3204d5ef53ed8fe9
eval-m7-n100,7,100,3005,multifit,,746,745,0.134228,0.268,f2583d997ae9acb1
eval-m7-n100,7,100,3005,lpt_ls,,746,745,0.134228,0.208,3204d5ef53ed8fe9
eval-m7-n100,7,100,3005,rol,1,746,745,0.134228,0.507,3204d5ef53ed8fe9
eval-m7-n100,7,100,3006,lpt,,735,734,0.136240,0.048,17fb643eb7e0e4cf
eval-m7-n100,7,100,3006,multifit,,734,734,0.000000,0.277,909097e9639b711a
eval-m7-n100,7,100,3006,lpt_ls,,735,734,0.136240,0.200,17fb643eb7e0e4cf
eval-m7-n100,7,100,3006,rol,1,735,734,0.136240,0.672,17fb643eb7e0e4cf
eval-m7-n100,7,100,3007,lpt,,618,616,0.324675,0.049,79e3db582cabea83
eval-m7-n100,7,100,3007,multifit,,616,616,0.000000,0.249,786c0f76003ae121
eval-m7-n100,7,100,3007,lpt_ls,,617,616,0.162338,0.276,ada44a9b10a3fae5
eval-m7-n100,7,100,3007,rol,1,618,616,0.324675,0.699,79e3db582cabea83
eval-m7-n100,7,100,3008,lpt,,715,713,0.280505,0.053,8ed0b817542dcec5
eval-m7-n100,7,100,3008,multifit,,714,713,0.140252,0.288,a83892b3a12ee40f
eval-m7-n100,7,100,3008,lpt_ls,,714,713,0.140252,0.422,604f8d17798ee074
eval-m7-n100,7,100,3008,rol,1,715,713,0.280505,0.712,8ed0b817542dcec5
eval-m7-n100,7,100,3009,lpt,,744,743,0.134590,0.056,9e256a6fe6bb931b
eval-m7-n100,7,100,3009,multifit,,743,743,0.000000,0.284,3308d11d353f7004
eval-m7-n100,7,100,3009,lpt_ls,,743,743,0.000000,0.499,5a242621e9d152cf
eval-m7-n100,7,100,3009,rol,1,744,743,0.134590,0.625,9e256a6fe6bb931b
eval-m7-n100,7,100,3010,lpt,,791,790,0.126582,0.051,0650cd5366e3a22b
eval-m7-n100,7,100,3010,multifit,,790,790,0.000000,0.261,7703a7d35940c35c
eval-m7-n100,7,100,3010,lpt_ls,,790,790,0.000000,0.420,2c785caad4baf564
eval-m7-n100,7,100,3010,rol,1,791,790,0.126582,0.649,0650cd5366e3a22b
eval-m7-n100,7,100,3011,lpt,,690,689,0.145138,0.049,92b58d5e7ff3c1a5
eval-m7-n100,7,100,3011,multifit,,689,689,0.000000,0.270,dfcbaf17146ec992
eval-m7-n100,7,100,3011,lpt_ls,,689,689,0.000000,0.531,e6d8ab1b7c09e2f1
eval-m7-n100,7,100,3011,rol,1,690,689,0.145138,0.725,92b58d5e7ff3c1a5
eval-m7-n100,7,100,3012,lpt,,710,710,0.000000,0.051,2d6e6f8dd3efcf91
eval-m7-n100,7,100,3012,multifit,,710,710,0.000000,0.283,cf64cada31934abc
eval-m7-n100,7,100,3012,lpt_ls,,710,710,0.000000,0.208,2d6e6f8dd3efcf91
eval-m7-n100,7,100,3012,rol,1,710,710,0.000000,0.790,2d6e6f8dd3efcf91
eval-m7-n100,7,100,3013,lpt,,679,679,0.000000,0.049,be3a36524b046470
eval-m7-n100,7,100,3013,multifit,,679,679,0.000000,0.254,395bf858bba242c7
eval-m7-n100,7,100,3013,lpt_ls,,679,679,0.000000,0.275,be3a36524b046470
eval-m7-n100,7,100,3013,rol,1,679,679,0.000000,0.653,be3a36524b046470
eval-m7-n100,7,100,3014,lpt,,675,675,0.000000,0.052,9478b461b45baabb
eval-m7-n100,7,100,3014,multifit,,675,675,0.000000,0.259,223ab8daf3064ce5
eval-m7-n100,7,100,3014,lpt_ls,,675,675,0.000000,0.262,9478b461b45baabb
eval-m7-n100,7,100,3014,rol,1,675,675,0.000000,0.568,9478b461b45baabb
eval-m7-n100,7,100,3015,lpt,,693,692,0.144509,0.051,fc0607af78d64b7a
eval-m7-n100,7,100,3015,multifit,,692,692,0.000000,0.272,1cfa7c8ba6e68dc3
eval-m7-n100,7,100,3015,lpt_ls,,693,692,0.144509,0.198,fc0607af78d64b7a
eval-m7-n100,7,100,3015,rol,1,693,692,0.144509,0.677,fc0607af78d64b7a
eval-m7-n100,7,100,3016,lpt,,669,669,0.000000,0.049,caf5669726570626
eval-m7-n100,7,100,3016,multifit,,669,669,0.000000,0.255,001d640d21e2505a
eval-m7-n100,7,100,3016,lpt_ls,,669,669,0.000000,0.277,caf5669726570626
eval-m7-n100,7,100,3016,rol,1,669,669,0.000000,0.685,caf5669726570626
eval-m7-n100,7,100,3017,lpt,,739,737,0.271370,0.049,c9114a10339047f4
eval-m7-n100,7,100,3017,multifit,,737,737,0.000000,0.265,0fa932d899d4837f
eval-m7-n100,7,100,3017,lpt_ls,,739,737,0.271370,0.199,c9114a10339047f4
eval-m7-n100,7,100,3017,rol,1,739,737,0.271370,0.546,c9114a10339047f4
eval-m7-n100,7,100,3018,lpt,,757,755,0.264901,0.050,312b9b3e8ff57d52
eval-m7-n100,7,100,3018,multifit,,755,755,0.000000,0.265,0535e109c0d3a083
eval-m7-n100,7,100,3018,lpt_ls,,755,755,0.000000,0.291,635d42a03d5c73ff
eval-m7-n100,7,100,3018,rol,1,757,755,0.264901,0.626,312b9b3e8ff57d52
eval-m7-n100,7,100,3019,lpt,,732,729,0.411523,0.052,eabe9163220d885c
eval-m7-n100,7,100,3019,multifit,,730,729,0.137174,0.269,4c006c46e4f500e5
eval-m7-n100,7,100,3019,lpt_ls,,730,729,0.137174,0.571,9773b12c37438cbe
eval-m7-n100,7,100,3019,rol,1,732,729,0.411523,0.981,eabe9163220d885c
eval-m7-n100,7,100,3020,lpt,,667,667,0.000000,0.060,0d17f3f3584e89bb
eval-m7-n100,7,100,3020,multifit,,667,667,0.000000,0.271,0f79988a98f154f2
eval-m7-n100,7,100,3020,lpt_ls,,667,667,0.000000,0.234,0d17f3f3584e89bb
eval-m7-n100,7,100,3020,rol,1,667,667,0.000000,0.536,0d17f3f3584e89bb
eval-m7-n100,7,100,3021,lpt,,732,731,0.136799,0.049,23c5036d8af31970
eval-m7-n100,7,100,3021,multifit,,732,731,0.136799,0.270,a31780ab6bef6910
eval-m7-n100,7,100,3021,lpt_ls,,732,731,0.136799,0.279,23c5036d8af31970
eval-m7-n100,7,100,3021,rol,1,732,731,0.136799,0.557,23c5036d8af31970
eval-m7-n100,7,100,3022,lpt,,773,772,0.129534,0.052,5dbe85e3fc57bf77
eval-m7-n100,7,100,3022,multifit,,773,772,0.129534,0.272,9a23597312ed8534
eval-m7-n100,7,100,3022,lpt_ls,,773,772,0.129534,0.332,5dbe85e3fc57bf77
eval-m7-n100,7,100,3022,rol,1,773,772,0.129534,0.641,5dbe85e3fc57bf77
eval-m7-n100,7,100,3023,lpt,,734,733,0.136426,0.088,5f8a56c54d90864e
eval-m7-n100,7,100,3023,multifit,,734,733,0.136426,0.264,215112d95cffbefe
eval-m7-n100,7,100,3023,lpt_ls,,734,733,0.136426,0.206,5f8a56c54d90864e
eval-m7-n100,7,100,3023,rol,1,734,733,0.136426,0.594,5f8a56c54d90864e
eval-m7-n100,7,100,3024,lpt,,629,629,0.000000,0.050,0b29b8f994babf41
eval-m7-n100,7,100,3024,multifit,,629,629,0.000000,0.256,a1919a6eb736c4b0
eval-m7-n100,7,100,3024,lpt_ls,,629,629,0.000000,0.263,0b29b8f994babf41
eval-m7-n100,7,100,3024,rol,1,629,629,0.000000,0.727,0b29b8f994babf41
eval-m7-n100,7,100,3025,lpt,,671,671,0.000000,0.050,9b1caae72294deb3
eval-m7-n100,7,100,3025,multifit,,671,671,0.000000,0.254,05642d0e8995138b
eval-m7-n100,7,100,3025,lpt_ls,,671,671,0.000000,0.330,9b1caae72294deb3
eval-m7-n100,7,100,3025,rol,1,671,671,0.000000,0.745,9b1caae72294deb3
eval-m7-n100,7,100,3026,lpt,,760,759,0.131752,0.051,51325ab70867648e
eval-m7-n100,7,100,3026,multifit,,760,759,0.131752,0.275,3b2713fc14ed2fbe
eval-m7-n100,7,100,3026,lpt_ls,,759,759,0.000000,0.508,f6730b1a5c273caf
eval-m7-n100,7,100,3026,rol,1,760,759,0.131752,0.554,51325ab70867648e
eval-m7-n100,7,100,3027,lpt,,697,694,0.432277,0.048,478eb45967474ee6
eval-m7-n100,7,100,3027,multifit,,694,694,0.000000,0.282,a974669fac0fe0fd
eval-m7-n100,7,100,3027,lpt_ls,,695,694,0.144092,0.408,698dc3aa011a6e83
eval-m7-n100,7,100,3027,rol,1,696,694,0.288184,0.663,679c9ec0e849b217
eval-m7-n100,7,100,3028,lpt,,695,695,0.000000,0.052,396ba1a3731cfd0c
eval-m7-n100,7,100,3028,multifit,,695,695,0.000000,0.275,10f126ffb90c0557
eval-m7-n100,7,100,3028,lpt_ls,,695,695,0.000000,0.272,396ba1a3731cfd0c
eval-m7-n100,7,100,3028,rol,1,695,695,0.000000,0.667,396ba1a3731cfd0c
eval-m7-n100,7,100,3029,lpt,,754,753,0.132802,0.050,11e028bc0449042f
eval-m7-n100,7,100,3029,multifit,,753,753,0.000000,0.268,b48523f121825e5c
eval-m7-n100,7,100,3029,lpt_ls,,753,753,0.000000,0.349,a080faf0073a4472
eval-m7-n100,7,100,3029,rol,1,754,753,0.132802,0.606,11e028bc0449042f
eval-m7-n200,7,200,3000,lpt,,1422,1422,0.000000,0.098,abaad5b2300e3f37
eval-m7-n200,7,200,3000,multifit,,1422,1422,0.000000,0.650,4651aec9fe6bb814
eval-m7-n200,7,200,3000,lpt_ls,,1422,1422,0.000000,0.669,abaad5b2300e3f37
eval-m7-n200,7,200,3000,rol,1,1422,1422,0.000000,1.225,abaad5b2300e3f37
eval-m7-n200,7,200,3001,lpt,,1475,1474,0.067843,0.097,fda684b17bd15da9
eval-m7-n200,7,200,3001,multifit,,1474,1474,0.000000,0.567,ae1c75d50df40077
eval-m7-n200,7,200,3001,lpt_ls,,1475,1474,0.067843,0.299,fda684b17bd15da9
eval-m7-n200,7,200,3001,rol,1,1475,1474,0.067843,1.521,fda684b17bd15da9
eval-m7-n200,7,200,3002,lpt,,1363,1362,0.073421,0.095,b4572cbe224ddd8a
eval-m7-n200,7,200,3002,multifit,,1362,1362,0.000000,0.537,8010c4fc58b81c85
eval-m7-n200,7,200,3002,lpt_ls,,1362,1362,0.000000,0.792,fae63652bd915c43
eval-m7-n200,7,200,3002,rol,1,1363,1362,0.073421,0.973,b4572cbe224ddd8a
eval-m7-n200,7,200,3003,lpt,,1504,1502,0.133156,0.105,33030a3c88b8e829
eval-m7-n200,7,200,3003,multifit,,1502,1502,0.000000,0.583,9277599b772d4e27
eval-m7-n200,7,200,3003,lpt_ls,,1503,1502,0.066578,0.466,a83e8c0d162c24be
eval-m7-n200,7,200,3003,rol,1,1504,1502,0.133156,0.906,33030a3c88b8e829
eval-m7-n200,7,200,3004,lpt,,1525,1524,0.065617,0.095,7826208f9ce7b003
eval-m7-n200,7,200,3004,multifit,,1524,1524,0.000000,0.585,ed300da1f6512353
eval-m7-n200,7,200,3004,lpt_ls,,1525,1524,0.065617,0.374,7826208f9ce7b003
eval-m7-n200,7,200,3004,rol,1,1525,1524,0.065617,0.996,7826208f9ce7b003
eval-m7-n200,7,200,3005,lpt,,1442,1442,0.000000,0.100,ce83cf12660eb850
eval-m7-n200,7,200,3005,multifit,,1442,1442,0.000000,0.565,9094c57ae99f02b4
eval-m7-n200,7,200,3005,lpt_ls,,1442,1442,0.000000,0.290,ce83cf12660eb850
eval-m7-n200,7,200,3005,rol,1,1442,1442,0.000000,1.009,ce83cf12660eb850
eval-m7-n200,7,200,3006,lpt,,1498,1497,0.066800,0.090,69859adede27d585
eval-m7-n200,7,200,3006,multifit,,1497,1497,0.000000,0.576,f6d08f00886be0bb
eval-m7-n200,7,200,3006,lpt_ls,,1497,1497,0.000000,0.625,2b849fcbc7657e31
eval-m7-n200,7,200,3006,rol,1,1498,1497,0.066800,1.274,69859adede27d585
eval-m7-n200,7,200,3007,lpt,,1397,1396,0.071633,0.105,0102101fec92df9c
eval-m7-n200,7,200,3007,multifit,,1396,1396,0.000000,0.603,f4fd554eba3c3bfa
eval-m7-n200,7,200,3007,lpt_ls,,1396,1396,0.000000,0.834,1614fda862eca3b4
eval-m7-n200,7,200,3007,rol,1,1397,1396,0.071633,1.187,0102101fec92df9c
eval-m7-n200,7,200,3008,lpt,,1388,1387,0.072098,0.096,7b852b852712cc1e
eval-m7-n200,7,200,3008,multifit,,1387,1387,0.000000,0.563,06a262a1c8da37c6
eval-m7-n200,7,200,3008,lpt_ls,,1388,1387,0.072098,0.373,7b852b852712cc1e
eval-m7-n200,7,200,3008,rol,1,1388,1387,0.072098,1.049,7b852b852712cc1e
eval-m7-n200,7,200,3009,lpt,,1516,1515,0.066007,0.098,9539bc4711127092
eval-m7-n200,7,200,3009,multifit,,1515,1515,0.000000,0.552,6a26bec67320f86e
eval-m7-n200,7,200,3009,lpt_ls,,1516,1515,0.066007,0.302,9539bc4711127092
eval-m7-n200,7,200,3009,rol,1,1516,1515,0.066007,1.008,9539bc4711127092
eval-m7-n200,7,200,3010,lpt,,1610,1609,0.062150,0.093,1b96f28ff61457fe
eval-m7-n200,7,200,3010,multifit,,1609,1609,0.000000,0.572,13ac8f188008c165
eval-m7-n200,7,200,3010,lpt_ls,,1609,1609,0.000000,0.680,a1fd3d6d1293691a
eval-m7-n200,7,200,3010,rol,1,1610,1609,0.062150,1.148,1b96f28ff61457fe
eval-m7-n200,7,200,3011,lpt,,1406,1406,0.000000,0.089,de3657643e138f1b
eval-m7-n200,7,200,3011,multifit,,1406,1406,0.000000,0.574,d0f92ed80d8bb697
eval-m7-n200,7,200,3011,lpt_ls,,1406,1406,0.000000,0.366,de3657643e138f1b
eval-m7-n200,7,200,3011,rol,1,1406,1406,0.000000,1.172,de3657643e138f1b
eval-m7-n200,7,200,3012,lpt,,1437,1437,0.000000,0.094,2e6b49bb34c8148c
eval-m7-n200,7,200,3012,multifit,,1437,1437,0.000000,0.567,156647ecaceb71b3
eval-m7-n200,7,200,3012,lpt_ls,,1437,1437,0.000000,0.214,2e6b49bb34c8148c
eval-m7-n200,7,200,3012,rol,1,1437,1437,0.000000,1.075,2e6b49bb34c8148c
eval-m7-n200,7,200,3013,lpt,,1331,1331,0.000000,0.112,749ccbef0a675280
eval-m7-n200,7,200,3013,multifit,,1331,1331,0.000000,0.648,b35ae43293681438
eval-m7-n200,7,200,3013,lpt_ls,,1331,1331,0.000000,0.332,749ccbef0a675280
eval-m7-n200,7,200,3013,rol,1,1331,1331,0.000000,1.093,749ccbef0a675280
eval-m7-n200,7,200,3014,lpt,,1365,1365,0.000000,0.102,d2a78702198ed8ec
eval-m7-n200,7,200,3014,multifit,,1365,1365,0.000000,0.561,8c2174b5c70b379b
eval-m7-n200,7,200,3014,lpt_ls,,1365,1365,0.000000,0.271,d2a78702198ed8ec
eval-m7-n200,7,200,3014,rol,1,1365,1365,0.000000,1.009,d2a78702198ed8ec
eval-m7-n200,7,200,3015,lpt,,1363,1363,0.000000,0.094,873ec7a54f785dfe
eval-m7-n200,7,200,3015,multifit,,1363,1363,0.000000,0.527,d884f5843ad3133c
eval-m7-n200,7,200,3015,lpt_ls,,1363,1363,0.000000,0.289,873ec7a54f785dfe
eval-m7-n200,7,200,3015,rol,1,1363,1363,0.000000,1.146,873ec7a54f785dfe
eval-m7-n200,7,200,3016,lpt,,1428,1427,0.070077,0.102,41fcf1bc202f0828
eval-m7-n200,7,200,3016,multifit,,1428,1427,0.070077,0.567,a95d62e6044cc4c6
eval-m7-n200,7,200,3016,lpt_ls,,1428,1427,0.070077,0.359,41fcf1bc202f0828
eval-m7-n200,7,200,3016,rol,1,1428,1427,0.070077,0.961,41fcf1bc202f0828
eval-m7-n200,7,200,3017,lpt,,1419,1419,0.000000,0.094,bd4f00555efc2a1f
eval-m7-n200,7,200,3017,multifit,,1419,1419,0.000000,0.575,5f1001329342ac0e
eval-m7-n200,7,200,3017,lpt_ls,,1419,1419,0.000000,0.367,bd4f00555efc2a1f
eval-m7-n200,7,200,3017,rol,1,1419,1419,0.000000,0.938,bd4f00555efc2a1f
eval-m7-n200,7,200,3018,lpt,,1453,1453,0.000000,0.096,306443b3ea71558e
eval-m7-n200,7,200,3018,multifit,,1453,1453,0.000000,0.550,25841c1ef3b1b93d
eval-m7-n200,7,200,3018,lpt_ls,,1453,1453,0.000000,0.287,306443b3ea71558e
eval-m7-n200,7,200,3018,rol,1,1453,1453,0.000000,1.399,306443b3ea71558e
eval-m7-n200,7,200,3019,lpt,,1466,1465,0.068259,0.092,afcc95981941b9b8
eval-m7-n200,7,200,3019,multifit,,1465,1465,0.000000,0.562,71a5ec982d99a4fb
eval-m7-n200,7,200,3019,lpt_ls,,1466,1465,0.068259,0.289,afcc95981941b9b8
eval-m7-n200,7,200,3019,rol,1,1466,1465,0.068259,1.011,afcc95981941b9b8
eval-m7-n200,7,200,3020,lpt,,1358,1357,0.073692,0.090,5165b4610c566954
eval-m7-n200,7,200,3020,multifit,,1357,1357,0.000000,0.653,93587710246b31df
eval-m7-n200,7,200,3020,lpt_ls,,1357,1357,0.000000,0.660,bc77491971f4389e
eval-m7-n200,7,200,3020,rol,1,1358,1357,0.073692,1.204,5165b4610c566954
eval-m7-n200,7,200,3021,lpt,,1434,1432,0.139665,0.100,e8de55c2e0926867
eval-m7-n200,7,200,3021,multifit,,1433,1432,0.069832,0.553,f3f88c91176a8406
eval-m7-n200,7,200,3021,lpt_ls,,1433,1432,0.069832,0.554,b8865822e18af3c8
eval-m7-n200,7,200,3021,rol,1,1434,1432,0.139665,0.894,e8de55c2e0926867
eval-m7-n200,7,200,3022,lpt,,1473,1472,0.067935,0.090,c282c6491a23ee73
eval-m7-n200,7,200,3022,multifit,,1472,1472,0.000000,0.597,41a509f04725fb80
eval-m7-n200,7,200,3022,lpt_ls,,1473,1472,0.067935,0.308,c282c6491a23ee73
eval-m7-n200,7,200,3022,rol,1,1473,1472,0.067935,0.852,c282c6491a23ee73
eval-m7-n200,7,200,3023,lpt,,1421,1420,0.070423,0.091,3a7045b7b6f7420c
eval-m7-n200,7,200,3023,multifit,,1420,1420,0.000000,0.562,590ec0da40ba107c
eval-m7-n200,7,200,3023,lpt_ls,,1421,1420,0.070423,0.280,3a7045b7b6f7420c
eval-m7-n200,7,200,3023,rol,1,1421,1420,0.070423,1.040,3a7045b7b6f7420c
eval-m7-n200,7,200,3024,lpt,,1347,1345,0.148699,0.101,66b1af225f900420
eval-m7-n200,7,200,3024,multifit,,1345,1345,0.000000,0.524,ec9f741896aa527a
eval-m7-n200,7,200,3024,lpt_ls,,1346,1345,0.074349,0.446,a38c97797aa95f09
eval-m7-n200,7,200,3024,rol,1,1347,1345,0.148699,1.239,66b1af225f900420
eval-m7-n200,7,200,3025,lpt,,1307,1307,0.000000,0.095,f04b269851387f1a
eval-m7-n200,7,200,3025,multifit,,1307,1307,0.000000,0.526,e088d8a54e0705c4
eval-m7-n200,7,200,3025,lpt_ls,,1307,1307,0.000000,0.426,f04b269851387f1a
eval-m7-n200,7,200,3025,rol,1,1307,1307,0.000000,1.080,f04b269851387f1a
eval-m7-n200,7,200,3026,lpt,,1452,1452,0.000000,0.091,43f1f23c2efb76d1
eval-m7-n200,7,200,3026,multifit,,1452,1452,0.000000,0.576,57ffc064d71929e0
eval-m7-n200,7,200,3026,lpt_ls,,1452,1452,0.000000,0.295,43f1f23c2efb76d1
eval-m7-n200,7,200,3026,rol,1,1452,1452,0.000000,0.983,43f1f23c2efb76d1
eval-m7-n200,7,200,3027,lpt,,1499,1499,0.000000,0.090,7cf7bee7f8c18d2b
eval-m7-n200,7,200,3027,multifit,,1499,1499,0.000000,0.726,324064ff61ece04e
eval-m7-n200,7,200,3027,lpt_ls,,1499,1499,0.000000,0.382,7cf7bee7f8c18d2b
eval-m7-n200,7,200,3027,rol,1,1499,1499,0.000000,0.953,7cf7bee7f8c18d2b
eval-m7-n200,7,200,3028,lpt,,1425,1423,0.140548,0.095,07ee84583f7b61c8
eval-m7-n200,7,200,3028,multifit,,1423,1423,0.000000,0.586,106c7db3eed15236
eval-m7-n200,7,200,3028,lpt_ls,,1424,1423,0.070274,0.486,6c8d928061e7e264
eval-m7-n200,7,200,3028,rol,1,1425,1423,0.140548,1.081,07ee84583f7b61c8
eval-m7-n200,7,200,3029,lpt,,1433,1432,0.069832,0.094,a8288ca4eee11c0b
eval-m7-n200,7,200,3029,multifit,,1432,1432,0.000000,0.601,a442003b20e3de0a
eval-m7-n200,7,200,3029,lpt_ls,,1432,1432,0.000000,0.598,319bac40bd1edd52
eval-m7-n200,7,200,3029,rol,1,1433,1432,0.069832,0.942,a8288ca4eee11c0b
eval-m7-n500,7,500,3000,lpt,,3549,3549,0.000000,0.218,3c86cb1c7ca64bb4
eval-m7-n500,7,500,3000,multifit,,3549,3549,0.000000,1.493,e7eaeb614afb5703
eval-m7-n500,7,500,3000,lpt_ls,,3549,3549,0.000000,0.989,3c86cb1c7ca64bb4
eval-m7-n500,7,500,3000,rol,1,3549,3549,0.000000,2.734,3c86cb1c7ca64bb4
eval-m7-n500,7,500,3001,lpt,,3411,3411,0.000000,0.214,dfab623583f543ba
eval-m7-n500,7,500,3001,multifit,,3411,3411,0.000000,1.513,a453958dacf972fd
eval-m7-n500,7,500,3001,lpt_ls,,3411,3411,0.000000,1.039,dfab623583f543ba
eval-m7-n500,7,500,3001,rol,1,3411,3411,0.000000,2.897,dfab623583f543ba
eval-m7-n500,7,500,3002,lpt,,3570,3570,0.000000,0.233,e5ef7a099577b475
eval-m7-n500,7,500,3002,multifit,,3570,3570,0.000000,1.486,8740a459f923d589
eval-m7-n500,7,500,3002,lpt_ls,,3570,3570,0.000000,0.842,e5ef7a099577b475
eval-m7-n500,7,500,3002,rol,1,3570,3570,0.000000,2.262,e5ef7a099577b475
eval-m7-n500,7,500,3003,lpt,,3633,3633,0.000000,0.217,3696328806c110f3
eval-m7-n500,7,500,3003,multifit,,3633,3633,0.000000,1.471,be03db52ffa5bff1
eval-m7-n500,7,500,3003,lpt_ls,,3633,3633,0.000000,1.221,3696328806c110f3
eval-m7-n500,7,500,3003,rol,1,3633,3633,0.000000,1.713,3696328806c110f3
eval-m7-n500,7,500,3004,lpt,,3637,3637,0.000000,0.219,d62f24208c68f7ad
eval-m7-n500,7,500,3004,multifit,,3637,3637,0.000000,1.517,a7bbc6b2b1d2564f
eval-m7-n500,7,500,3004,lpt_ls,,3637,3637,0.000000,0.823,d62f24208c68f7ad
eval-m7-n500,7,500,3004,rol,1,3637,3637,0.000000,2.080,d62f24208c68f7ad
eval-m7-n500,7,500,3005,lpt,,3515,3515,0.000000,0.225,121833b7ff5eb9b7
eval-m7-n500,7,500,3005,multifit,,3515,3515,0.000000,1.558,fcff2c3e586d0900
eval-m7-n500,7,500,3005,lpt_ls,,3515,3515,0.000000,0.993,121833b7ff5eb9b7
eval-m7-n500,7,500,3005,rol,1,3515,3515,0.000000,1.948,121833b7ff5eb9b7
eval-m7-n500,7,500,3006,lpt,,3660,3660,0.000000,0.215,7b6c3957e88ad01f
eval-m7-n500,7,500,3006,multifit,,3660,3660,0.000000,1.489,ae4e0d38045e9ef5
eval-m7-n500,7,500,3006,lpt_ls,,3660,3660,0.000000,0.968,7b6c3957e88ad01f
eval-m7-n500,7,500,3006,rol,1,3660,3660,0.000000,2.221,7b6c3957e88ad01f
eval-m7-n500,7,500,3007,lpt,,3501,3501,0.000000,0.227,2a7524223e1d6fa5
eval-m7-n500,7,500,3007,multifit,,3501,3501,0.000000,1.512,22105c9952a9cd32
eval-m7-n500,7,500,3007,lpt_ls,,3501,3501,0.000000,0.448,2a7524223e1d6fa5
eval-m7-n500,7,500,3007,rol,1,3501,3501,0.000000,2.439,2a7524223e1d6fa5
eval-m7-n500,7,500,3008,lpt,,3441,3441,0.000000,0.233,70eff8f167b04795
eval-m7-n500,7,500,3008,multifit,,3441,3441,0.000000,1.546,520a35b154118060
eval-m7-n500,7,500,3008,lpt_ls,,3441,3441,0.000000,0.474,70eff8f167b04795
eval-m7-n500,7,500,3008,rol,1,3441,3441,0.000000,1.886,70eff8f167b04795
eval-m7-n500,7,500,3009,lpt,,3744,3744,0.000000,0.226,34532235d47593dc
eval-m7-n500,7,500,3009,multifit,,3744,3744,0.000000,1.488,7c9d97b8a64d7d07
eval-m7-n500,7,500,3009,lpt_ls,,3744,3744,0.000000,0.582,34532235d47593dc
eval-m7-n500,7,500,3009,rol,1,3744,3744,0.000000,1.895,34532235d47593dc
eval-m7-n500,7,500,3010,lpt,,3536,3536,0.000000,0.228,2dcd4b28190164a2
eval-m7-n500,7,500,3010,multifit,,3536,3536,0.000000,1.567,23d32af7ea99ca45
eval-m7-n500,7,500,3010,lpt_ls,,3536,3536,0.000000,1.226,2dcd4b28190164a2
eval-m7-n500,7,500,3010,rol,1,3536,3536,0.000000,2.006,2dcd4b28190164a2
eval-m7-n500,7,500,3011,lpt,,3423,3423,0.000000,0.224,74619e953f4e599c
eval-m7-n500,7,500,3011,multifit,,3423,3423,0.000000,1.712,51bb709dc20f4dd6
eval-m7-n500,7,500,3011,lpt_ls,,3423,3423,0.000000,0.505,74619e953f4e599c
eval-m7-n500,7,500,3011,rol,1,3423,3423,0.000000,2.745,74619e953f4e599c
eval-m7-n500,7,500,3012,lpt,,3685,3685,0.000000,0.229,eb625f5d886d9a0c
eval-m7-n500,7,500,3012,multifit,,3685,3685,0.000000,1.524,bf82c3a6cb8b29f0
eval-m7-n500,7,500,3012,lpt_ls,,3685,3685,0.000000,1.226,eb625f5d886d9a0c
eval-m7-n500,7,500,3012,rol,1,3685,3685,0.000000,1.889,eb625f5d886d9a0c
eval-m7-n500,7,500,3013,lpt,,3498,3498,0.000000,0.225,77a447fe1d63fbc3
eval-m7-n500,7,500,3013,multifit,,3498,3498,0.000000,1.507,e16e66aedd525095
eval-m7-n500,7,500,3013,lpt_ls,,3498,3498,0.000000,1.214,77a447fe1d63fbc3
eval-m7-n500,7,500,3013,rol,1,3498,3498,0.000000,1.828,77a447fe1d63fbc3
eval-m7-n500,7,500,3014,lpt,,3546,3546,0.000000,0.232,093880e954943b2d
eval-m7-n500,7,500,3014,multifit,,3546,3546,0.000000,1.541,09aac1735a8e37cf
eval-m7-n500,7,500,3014,lpt_ls,,3546,3546,0.000000,1.316,093880e954943b2d
eval-m7-n500,7,500,3014,rol,1,3546,3546,0.000000,1.934,093880e954943b2d
eval-m7-n500,7,500,3015,lpt,,3475,3475,0.000000,0.229,f558ff2bf25a19c5
eval-m7-n500,7,500,3015,multifit,,3475,3475,0.000000,1.546,3dff52f9d80b1086
eval-m7-n500,7,500,3015,lpt_ls,,3475,3475,0.000000,1.090,f558ff2bf25a19c5
eval-m7-n500,7,500,3015,rol,1,3475,3475,0.000000,2.069,f558ff2bf25a19c5
eval-m7-n500,7,500,3016,lpt,,3579,3579,0.000000,0.226,d6dd327d6bccd690
eval-m7-n500,7,500,3016,multifit,,3579,3579,0.000000,1.528,3080e6f7a55e62d7
eval-m7-n500,7,500,3016,lpt_ls,,3579,3579,0.000000,0.979,d6dd327d6bccd690
eval-m7-n500,7,500,3016,rol,1,3579,3579,0.000000,2.151,d6dd327d6bccd690
eval-m7-n500,7,500,3017,lpt,,3539,3539,0.000000,0.218,aba5196c986349fc
eval-m7-n500,7,500,3017,multifit,,3539,3539,0.000000,1.647,49c1c0a7c62d7a73
eval-m7-n500,7,500,3017,lpt_ls,,3539,3539,0.000000,0.835,aba5196c986349fc
eval-m7-n500,7,500,3017,rol,1,3539,3539,0.000000,1.944,aba5196c986349fc
eval-m7-n500,7,500,3018,lpt,,3795,3795,0.000000,0.221,6d019f91107aa994
eval-m7-n500,7,500,3018,multifit,,3795,3795,0.000000,1.527,8fe628de0c820c86
eval-m7-n500,7,500,3018,lpt_ls,,3795,3795,0.000000,0.853,6d019f91107aa994
eval-m7-n500,7,500,3018,rol,1,3795,3795,0.000000,2.215,6d019f91107aa994
eval-m7-n500,7,500,3019,lpt,,3551,3551,0.000000,0.213,72e8d3f1df77c722
eval-m7-n500,7,500,3019,multifit,,3551,3551,0.000000,1.458,0d360c526dc83ddb
eval-m7-n500,7,500,3019,lpt_ls,,3551,3551,0.000000,0.456,72e8d3f1df77c722
eval-m7-n500,7,500,3019,rol,1,3551,3551,0.000000,2.116,72e8d3f1df77c722
eval-m7-n500,7,500,3020,lpt,,3335,3335,0.000000,0.218,5d48d8f8b0f81cb6
eval-m7-n500,7,500,3020,multifit,,3335,3335,0.000000,1.560,a227ae9cdde4e15f
eval-m7-n500,7,500,3020,lpt_ls,,3335,3335,0.000000,0.649,5d48d8f8b0f81cb6
eval-m7-n500,7,500,3020,rol,1,3335,3335,0.000000,2.552,5d48d8f8b0f81cb6
eval-m7-n500,7,500,3021,lpt,,3701,3701,0.000000,0.220,54fb7e066d83fd6c
eval-m7-n500,7,500,3021,multifit,,3701,3701,0.000000,1.484,b29057388c77014b
eval-m7-n500,7,500,3021,lpt_ls,,3701,3701,0.000000,0.438,54fb7e066d83fd6c
eval-m7-n500,7,500,3021,rol,1,3701,3701,0.000000,1.800,54fb7e066d83fd6c
eval-m7-n500,7,500,3022,lpt,,3592,3592,0.000000,0.229,ca9073b31a24b422
eval-m7-n500,7,500,3022,multifit,,3592,3592,0.000000,1.447,54ea83621daf6d29
eval-m7-n500,7,500,3022,lpt_ls,,3592,3592,0.000000,0.978,ca9073b31a24b422
eval-m7-n500,7,500,3022,rol,1,3592,3592,0.000000,1.883,ca9073b31a24b422
eval-m7-n500,7,500,3023,lpt,,3607,3607,0.000000,0.227,c21130e8b2d46b89
eval-m7-n500,7,500,3023,multifit,,3607,3607,0.000000,1.474,a9cf188e9ad3c68c
eval-m7-n500,7,500,3023,lpt_ls,,3607,3607,0.000000,0.966,c21130e8b2d46b89
eval-m7-n500,7,500,3023,rol,1,3607,3607,0.000000,2.203,c21130e8b2d46b89
eval-m7-n500,7,500,3024,lpt,,3558,3558,0.000000,0.369,cc3a70aaad041362
eval-m7-n500,7,500,3024,multifit,,3558,3558,0.000000,1.612,0dec0eb813f1e725
eval-m7-n500,7,500,3024,lpt_ls,,3558,3558,0.000000,1.028,cc3a70aaad041362
eval-m7-n500,7,500,3024,rol,1,3558,3558,0.000000,2.146,cc3a70aaad041362
eval-m7-n500,7,500,3025,lpt,,3466,3466,0.000000,0.211,6d13ea1cc2bbe22a
eval-m7-n500,7,500,3025,multifit,,3466,3466,0.000000,1.493,1332d302b3954a21
eval-m7-n500,7,500,3025,lpt_ls,,3466,3466,0.000000,0.823,6d13ea1cc2bbe22a
eval-m7-n500,7,500,3025,rol,1,3466,3466,0.000000,1.976,6d13ea1cc2bbe22a
eval-m7-n500,7,500,3026,lpt,,3536,3536,0.000000,0.230,44e57e974f18ebe2
eval-m7-n500,7,500,3026,multifit,,3536,3536,0.000000,1.506,b1266bd0c9724bca
eval-m7-n500,7,500,3026,lpt_ls,,3536,3536,0.000000,0.435,44e57e974f18ebe2
eval-m7-n500,7,500,3026,rol,1,3536,3536,0.000000,1.960,44e57e974f18ebe2
eval-m7-n500,7,500,3027,lpt,,3815,3814,0.026219,0.224,2e0b9dfe1e5ee48d
eval-m7-n500,7,500,3027,multifit,,3814,3814,0.000000,1.706,ccd0bcef016c2b77
eval-m7-n500,7,500,3027,lpt_ls,,3814,3814,0.000000,1.312,da5cb14101c52c76
eval-m7-n500,7,500,3027,rol,1,3815,3814,0.026219,1.924,2e0b9dfe1e5ee48d
eval-m7-n500,7,500,3028,lpt,,3676,3675,0.027211,0.220,d22bc68c9e572846
eval-m7-n500,7,500,3028,multifit,,3675,3675,0.000000,1.432,196eabd8161641e6
eval-m7-n500,7,500,3028,lpt_ls,,3676,3675,0.027211,0.554,d22bc68c9e572846
eval-m7-n500,7,500,3028,rol,1,3676,3675,0.027211,2.153,d22bc68c9e572846
eval-m7-n500,7,500,3029,lpt,,3615,3615,0.000000,0.219,51064542772aa078
eval-m7-n500,7,500,3029,multifit,,3615,3615,0.000000,1.565,0c4b749d0c1d6d6a
eval-m7-n500,7,500,3029,lpt_ls,,3615,3615,0.000000,0.554,51064542772aa078
eval-m7-n500,7,500,3029,rol,1,3615,3615,0.000000,1.963,51064542772aa078
eval-m10-n30,10,30,3000,lpt,,145,140,3.571429,0.025,f8ecc5e970b85446
eval-m10-n30,10,30,3000,multifit,,141,140,0.714286,0.082,e39b3490b5a35186
eval-m10-n30,10,30,3000,lpt_ls,,144,140,2.857143,0.314,9b16b411c94b92b0
eval-m10-n30,10,30,3000,rol,1,144,140,2.857143,0.432,beb9ad9115da68e3
eval-m10-n30,10,30,3001,lpt,,177,171,3.508772,0.022,50acc811bee16800
eval-m10-n30,10,30,3001,multifit,,178,171,4.093567,0.081,c9a4a34886d7f1e4
eval-m10-n30,10,30,3001,lpt_ls,,177,171,3.508772,0.238,50acc811bee16800
eval-m10-n30,10,30,3001,rol,1,173,171,1.169591,0.530,393dd8075869da14
eval-m10-n30,10,30,3002,lpt,,154,144,6.944444,0.028,c6e5266dfb90d51c
eval-m10-n30,10,30,3002,multifit,,145,144,0.694444,0.086,f77777e826cd5e2e
eval-m10-n30,10,30,3002,lpt_ls,,146,144,1.388889,0.414,894e9004e625fb96
eval-m10-n30,10,30,3002,rol,1,149,144,3.472222,0.477,cb3e7728b67c2820
eval-m10-n30,10,30,3003,lpt,,161,152,5.921053,0.026,bc772c77b1b40ac5
eval-m10-n30,10,30,3003,multifit,,154,152,1.315789,0.080,925d29760001f999
eval-m10-n30,10,30,3003,lpt_ls,,155,152,1.973684,0.585,0fab9a49d0c022d8
eval-m10-n30,10,30,3003,rol,1,161,152,5.921053,0.503,bc772c77b1b40ac5
eval-m10-n30,10,30,3004,lpt,,165,161,2.484472,0.022,51d55b294f070346
eval-m10-n30,10,30,3004,multifit,,163,161,1.242236,0.079,532bf8426f89ca31
eval-m10-n30,10,30,3004,lpt_ls,,165,161,2.484472,0.207,51d55b294f070346
eval-m10-n30,10,30,3004,rol,1,163,161,1.242236,0.370,f15c0f619b95100e
eval-m10-n30,10,30,3005,lpt,,166,162,2.469136,0.021,8c35f6f1147e7785
eval-m10-n30,10,30,3005,multifit,,162,162,0.000000,0.083,1e34d045621f2fc8
eval-m10-n30,10,30,3005,lpt_ls,,163,162,0.617284,0.447,dbe962af75180216
eval-m10-n30,10,30,3005,rol,1,166,162,2.469136,0.422,8c35f6f1147e7785
eval-m10-n30,10,30,3006,lpt,,153,142,7.746479,0.022,b287fb2566a1b9d6
eval-m10-n30,10,30,3006,multifit,,144,142,1.408451,0.074,cb32a96a0bd11218
eval-m10-n30,10,30,3006,lpt_ls,,152,142,7.042254,0.307,0451cf8e007173ba
eval-m10-n30,10,30,3006,rol,1,152,142,7.042254,0.435,bd9a2628631f4a6f
eval-m10-n30,10,30,3007,lpt,,139,136,2.205882,0.026,1915fdbb3a17b62c
eval-m10-n30,10,30,3007,multifit,,137,136,0.735294,0.082,deb99d461f0508db
eval-m10-n30,10,30,3007,lpt_ls,,138,136,1.470588,0.226,04b9f8507b5d1869
eval-m10-n30,10,30,3007,rol,1,139,136,2.205882,0.498,1915fdbb3a17b62c
eval-m10-n30,10,30,3008,lpt,,160,151,5.960265,0.023,7117d5aa53dadf52
eval-m10-n30,10,30,3008,multifit,,154,151,1.986755,0.080,0374079dace8c3ec
eval-m10-n30,10,30,3008,lpt_ls,,157,151,3.973510,0.405,14b7b022e8f58e23
eval-m10-n30,10,30,3008,rol,1,157,151,3.973510,0.396,7640767de0d0c148
eval-m10-n30,10,30,3009,lpt,,168,160,5.000000,0.021,524c758ef893dc40
eval-m10-n30,10,30,3009,multifit,,161,160,0.625000,0.081,0058ef97cf6636cc
eval-m10-n30,10,30,3009,lpt_ls,,164,160,2.500000,0.397,b0ac7380f4567a25
eval-m10-n30,10,30,3009,rol,1,167,160,4.375000,0.439,9dfb7f82b28e3ae2
eval-m10-n30,10,30,3010,lpt,,164,161,1.863354,0.021,37176f0696c742ca
eval-m10-n30,10,30,3010,multifit,,163,161,1.242236,0.073,fe20299779fc0fa3
eval-m10-n30,10,30,3010,lpt_ls,,163,161,1.242236,0.470,a65653b38926a6b3
eval-m10-n30,10,30,3010,rol,1,164,161,1.863354,0.390,37176f0696c742ca
eval-m10-n30,10,30,3011,lpt,,161,153,5.228758,0.021,27d43ba6dbb3a836
eval-m10-n30,10,30,3011,multifit,,154,153,0.653595,0.081,01c80d1b6f052a66
eval-m10-n30,10,30,3011,lpt_ls,,161,153,5.228758,0.203,27d43ba6dbb3a836
eval-m10-n30,10,30,3011,rol,1,156,153,1.960784,0.473,78b8234755bde2ea
eval-m10-n30,10,30,3012,lpt,,150,142,5.633803,0.023,ffdd83bec470955e
eval-m10-n30,10,30,3012,multifit,,144,142,1.408451,0.071,8071a9e8d2d080df
eval-m10-n30,10,30,3012,lpt_ls,,146,142,2.816901,0.230,b5a09c7868b8c0f8
eval-m10-n30,10,30,3012,rol,1,150,142,5.633803,0.489,ffdd83bec470955e
eval-m10-n30,10,30,3013,lpt,,148,139,6.474820,0.020,1e78d1bfad6b1493
eval-m10-n30,10,30,3013,multifit,,141,139,1.438849,0.075,8b8983110f34ceba
eval-m10-n30,10,30,3013,lpt_ls,,142,139,2.158273,0.395,1a82b68e294438c7
eval-m10-n30,10,30,3013,rol,1,142,139,2.158273,0.452,31427a4c898a09e9
eval-m10-n30,10,30,3014,lpt,,123,123,0.000000,0.020,6e38e0fb6c72922c
eval-m10-n30,10,30,3014,multifit,,123,123,0.000000,0.081,17f214a38c1260da
eval-m10-n30,10,30,3014,lpt_ls,,123,123,0.000000,0.536,6e38e0fb6c72922c
eval-m10-n30,10,30,3014,rol,1,123,123,0.000000,0.485,6e38e0fb6c72922c
eval-m10-n30,10,30,3015,lpt,,154,144,6.944444,0.022,b0316016b7f76591
eval-m10-n30,10,30,3015,multifit,,145,144,0.694444,0.081,4172845845313eb9
eval-m10-n30,10,30,3015,lpt_ls,,154,144,6.944444,0.295,b0316016b7f76591
eval-m10-n30,10,30,3015,rol,1,153,144,6.250000,0.500,54bc949ea554daa6
eval-m10-n30,10,30,3016,lpt,,177,156,13.461538,0.031,596c6671d12f8834
eval-m10-n30,10,30,3016,multifit,,158,156,1.282051,0.076,0221634d23d2c9a8
eval-m10-n30,10,30,3016,lpt_ls,,163,156,4.487179,0.622,bb3e521f1807a573
eval-m10-n30,10,30,3016,rol,1,173,156,10.897436,0.524,ebd04551234f1bdc
eval-m10-n30,10,30,3017,lpt,,168,161,4.347826,0.024,d6c6e106a790bdb6
eval-m10-n30,10,30,3017,multifit,,165,161,2.484472,0.082,35ae3109550eee68
eval-m10-n30,10,30,3017,lpt_ls,,164,161,1.863354,0.319,901cce66e02ec5fc
eval-m10-n30,10,30,3017,rol,1,164,161,1.863354,0.406,32e80019544c2ec2
eval-m10-n30,10,30,3018,lpt,,164,150,9.333333,0.021,2464b9b0152109b0
eval-m10-n30,10,30,3018,multifit,,150,150,0.000000,0.079,903b098619f067af
eval-m10-n30,10,30,3018,lpt_ls,,157,150,4.666667,0.308,9edfff2bd9d661ea
eval-m10-n30,10,30,3018,rol,1,160,150,6.666667,0.441,0b4713da5c163765
eval-m10-n30,10,30,3019,lpt,,170,156,8.974359,0.022,bbaa039e4c2853a2
eval-m10-n30,10,30,3019,multifit,,160,156,2.564103,0.077,b50716dd4197a081
eval-m10-n30,10,30,3019,lpt_ls,,168,156,7.692308,0.311,37c869f43fea1a55
eval-m10-n30,10,30,3019,rol,1,165,156,5.769231,0.457,dbda523f074c82e4
eval-m10-n30,10,30,3020,lpt,,114,108,5.555556,0.021,dc53b9c9ef646f21
eval-m10-n30,10,30,3020,multifit,,109,108,0.925926,0.072,17c22c81ff711189
eval-m10-n30,10,30,3020,lpt_ls,,114,108,5.555556,0.123,dc53b9c9ef646f21
eval-m10-n30,10,30,3020,rol,1,110,108,1.851852,0.439,38177c0680699f52
eval-m10-n30,10,30,3021,lpt,,151,148,2.027027,0.022,511fe56e90d28176
eval-m10-n30,10,30,3021,multifit,,151,148,2.027027,0.078,a4b794c2bd875635
eval-m10-n30,10,30,3021,lpt_ls,,151,148,2.027027,0.120,511fe56e90d28176
eval-m10-n30,10,30,3021,rol,1,151,148,2.027027,0.492,511fe56e90d28176
eval-m10-n30,10,30,3022,lpt,,165,161,2.484472,0.026,41a3d420b44ed645
eval-m10-n30,10,30,3022,multifit,,162,161,0.621118,0.080,337db03a42f19692
eval-m10-n30,10,30,3022,lpt_ls,,162,161,0.621118,0.563,d0872b6dd875f65f
eval-m10-n30,10,30,3022,rol,1,164,161,1.863354,0.428,066c5b846d3a22f5
eval-m10-n30,10,30,3023,lpt,,139,136,2.205882,0.024,56d3913ad93a97e2
eval-m10-n30,10,30,3023,multifit,,139,136,2.205882,0.069,6ac61610756869b7
eval-m10-n30,10,30,3023,lpt_ls,,139,136,2.205882,0.133,56d3913ad93a97e2
eval-m10-n30,10,30,3023,rol,1,139,136,2.205882,0.420,56d3913ad93a97e2
eval-m10-n30,10,30,3024,lpt,,145,141,2.836879,0.021,f6251155216c06f6
eval-m10-n30,10,30,3024,multifit,,142,141,0.709220,0.084,938a7b4f9fb78d71
eval-m10-n30,10,30,3024,lpt_ls,,142,141,0.709220,0.465,c44683f545147b92
eval-m10-n30,10,30,3024,rol,1,145,141,2.836879,0.490,f6251155216c06f6
eval-m10-n30,10,30,3025,lpt,,137,133,3.007519,0.021,66e29b7aa5e88a4a
eval-m10-n30,10,30,3025,multifit,,137,133,3.007519,0.064,d1f6cd40cb6b1317
eval-m10-n30,10,30,3025,lpt_ls,,137,133,3.007519,0.120,66e29b7aa5e88a4a
eval-m10-n30,10,30,3025,rol,1,137,133,3.007519,0.450,66e29b7aa5e88a4a
eval-m10-n30,10,30,3026,lpt,,132,130,1.538462,0.021,ca3394598f69274e
eval-m10-n30,10,30,3026,multifit,,131,130,0.769231,0.083,0f585f57a7fdd731
eval-m10-n30,10,30,3026,lpt_ls,,132,130,1.538462,0.206,ca3394598f69274e
eval-m10-n30,10,30,3026,rol,1,131,130,0.769231,0.494,b2ee989988a7b820
eval-m10-n30,10,30,3027,lpt,,170,167,1.796407,0.022,fc409998be785ff7
eval-m10-n30,10,30,3027,multifit,,170,167,1.796407,0.080,047ca779b82ac092
eval-m10-n30,10,30,3027,lpt_ls,,170,167,1.796407,0.126,fc409998be785ff7
eval-m10-n30,10,30,3027,rol,1,170,167,1.796407,0.365,fc409998be785ff7
eval-m10-n30,10,30,3028,lpt,,146,144,1.388889,0.021,cab623256067c557
eval-m10-n30,10,30,3028,multifit,,147,144,2.083333,0.084,0b7ca4eea9e49bd7
eval-m10-n30,10,30,3028,lpt_ls,,145,144,0.694444,0.374,010a18f591613188
eval-m10-n30,10,30,3028,rol,1,146,144,1.388889,0.449,cab623256067c557
eval-m10-n30,10,30,3029,lpt,,144,137,5.109489,0.021,afe05a97dba1462f
eval-m10-n30,10,30,3029,multifit,,140,137,2.189781,0.075,947a05e3897db7ce
eval-m10-n30,10,30,3029,lpt_ls,,142,137,3.649635,0.212,fd72fb058fe77588
eval-m10-n30,10,30,3029,rol,1,140,137,2.189781,0.379,471efcb6cd8d9d10
eval-m10-n50,10,50,3000,lpt,,239,234,2.136752,0.030,d88fd9cdca5314d6
eval-m10-n50,10,50,3000,multifit,,234,234,0.000000,0.145,b722dfa5c0eb225b
eval-m10-n50,10,50,3000,lpt_ls,,237,234,1.282051,0.397,ebef85aff9eb7b3d
eval-m10-n50,10,50,3000,rol,1,237,234,1.282051,0.659,4f30d25941ad3844
eval-m10-n50,10,50,3001,lpt,,280,272,2.941176,0.033,6a760a80d51d41d7
eval-m10-n50,10,50,3001,multifit,,274,272,0.735294,0.133,dcd8fce1ba267e9f
eval-m10-n50,10,50,3001,lpt_ls,,280,272,2.941176,0.466,6a760a80d51d41d7
eval-m10-n50,10,50,3001,rol,1,272,272,0.000000,0.680,2a73745feb967e9d
eval-m10-n50,10,50,3002,lpt,,228,226,0.884956,0.035,2512f92ebef960e9
eval-m10-n50,10,50,3002,multifit,,226,226,0.000000,0.140,9d6823a8b2404804
eval-m10-n50,10,50,3002,lpt_ls,,228,226,0.884956,0.233,2512f92ebef960e9
eval-m10-n50,10,50,3002,rol,1,226,226,0.000000,0.655,567e4f5223577736
eval-m10-n50,10,50,3003,lpt,,245,240,2.083333,0.032,ea56e2e3449a3087
eval-m10-n50,10,50,3003,multifit,,241,240,0.416667,0.148,1c40de39e0d0c09f
eval-m10-n50,10,50,3003,lpt_ls,,244,240,1.666667,0.325,1aa4950caa11177f
eval-m10-n50,10,50,3003,rol,1,242,240,0.833333,0.564,05814b16820e22b5
eval-m10-n50,10,50,3004,lpt,,265,260,1.923077,0.032,659e910819842e04
eval-m10-n50,10,50,3004,multifit,,262,260,0.769231,0.134,761a813ce425fa8c
eval-m10-n50,10,50,3004,lpt_ls,,263,260,1.153846,0.486,9391e870693dbc05
eval-m10-n50,10,50,3004,rol,1,264,260,1.538462,0.637,c7f0f2da93d4c54a
eval-m10-n50,10,50,3005,lpt,,279,273,2.197802,0.031,81f33b9d53bb46b9
eval-m10-n50,10,50,3005,multifit,,274,273,0.366300,0.152,598d0732d86314ca
eval-m10-n50,10,50,3005,lpt_ls,,278,273,1.831502,0.413,45ddc74b5fd3fe56
eval-m10-n50,10,50,3005,rol,1,279,273,2.197802,0.673,81f33b9d53bb46b9
eval-m10-n50,10,50,3006,lpt,,251,248,1.209677,0.031,7d7ccbfff2dc95b0
eval-m10-n50,10,50,3006,multifit,,248,248,0.000000,0.145,54582643a7eb5cd4
eval-m10-n50,10,50,3006,lpt_ls,,249,248,0.403226,0.403,54c3ff26f9080349
eval-m10-n50,10,50,3006,rol,1,250,248,0.806452,0.685,e4a7cc41ab8a2787
eval-m10-n50,10,50,3007,lpt,,223,221,0.904977,0.031,d97c20cd3f92c78d
eval-m10-n50,10,50,3007,multifit,,222,221,0.452489,0.143,a5eb404893865851
eval-m10-n50,10,50,3007,lpt_ls,,223,221,0.904977,0.226,d97c20cd3f92c78d
eval-m10-n50,10,50,3007,rol,1,222,221,0.452489,0.722,9e8c9b5d5ca7442b
eval-m10-n50,10,50,3008,lpt,,249,242,2.892562,0.031,05106f01b98d00f9
eval-m10-n50,10,50,3008,multifit,,243,242,0.413223,0.147,9ac16c9bba6b4e10
eval-m10-n50,10,50,3008,lpt_ls,,245,242,1.239669,0.511,70f9eb3a020da18e
eval-m10-n50,10,50,3008,rol,1,246,242,1.652893,0.713,37c3af81f847f9a6
eval-m10-n50,10,50,3009,lpt,,255,251,1.593625,0.030,8dd1873c6a80488a
eval-m10-n50,10,50,3009,multifit,,252,251,0.398406,0.147,f61efde36acf5064
eval-m10-n50,10,50,3009,lpt_ls,,255,251,1.593625,0.216,8dd1873c6a80488a
eval-m10-n50,10,50,3009,rol,1,255,251,1.593625,0.873,8dd1873c6a80488a
eval-m10-n50,10,50,3010,lpt,,285,282,1.063830,0.030,1b162576a622adfa
eval-m10-n50,10,50,3010,multifit,,284,282,0.709220,0.133,b4fcbe16e7aaf5f7
eval-m10-n50,10,50,3010,lpt_ls,,285,282,1.063830,0.297,1b162576a622adfa
eval-m10-n50,10,50,3010,rol,1,285,282,1.063830,0.660,1b162576a622adfa
eval-m10-n50,10,50,3011,lpt,,264,260,1.538462,0.031,49db0c0579f04238
eval-m10-n50,10,50,3011,multifit,,261,260,0.384615,0.147,098d763487886c4d
eval-m10-n50,10,50,3011,lpt_ls,,262,260,0.769231,0.419,9668dadeea823e78
eval-m10-n50,10,50,3011,rol,1,262,260,0.769231,0.675,14d2f511aca8faf7
eval-m10-n50,10,50,3012,lpt,,263,255,3.137255,0.031,016cd79a215eaffd
eval-m10-n50,10,50,3012,multifit,,256,255,0.392157,0.143,358345a69c424f87
eval-m10-n50,10,50,3012,lpt_ls,,261,255,2.352941,0.323,17c6fbab5f6618cc
eval-m10-n50,10,50,3012,rol,1,260,255,1.960784,0.701,a23ef614d70dfefa
eval-m10-n50,10,50,3013,lpt,,269,262,2.671756,0.033,d1a9ed1196f20566
eval-m10-n50,10,50,3013,multifit,,262,262,0.000000,0.148,806423231cfac666
eval-m10-n50,10,50,3013,lpt_ls,,267,262,1.908397,0.492,95d4ef154f134b72
eval-m10-n50,10,50,3013,rol,1,266,262,1.526718,0.748,27e5230519be4f71
eval-m10-n50,10,50,3014,lpt,,238,234,1.709402,0.036,cadd3df4696d23ff
eval-m10-n50,10,50,3014,multifit,,235,234,0.427350,0.188,0a4f5644b6bfdf91
eval-m10-n50,10,50,3014,lpt_ls,,237,234,1.282051,0.510,f87338864418f6a4
eval-m10-n50,10,50,3014,rol,1,236,234,0.854701,0.766,c9c09ba74acd5348
eval-m10-n50,10,50,3015,lpt,,236,235,0.425532,0.034,bcc9528b60a7d486
eval-m10-n50,10,50,3015,multifit,,236,235,0.425532,0.150,134850f2301e27ba
eval-m10-n50,10,50,3015,lpt_ls,,236,235,0.425532,0.227,bcc9528b60a7d486
eval-m10-n50,10,50,3015,rol,1,236,235,0.425532,0.732,bcc9528b60a7d486
eval-m10-n50,10,50,3016,lpt,,250,248,0.806452,0.031,44d1c623eae17609
eval-m10-n50,10,50,3016,multifit,,249,248,0.403226,0.152,24d965e76282c3e7
eval-m10-n50,10,50,3016,lpt_ls,,250,248,0.806452,0.220,44d1c623eae17609
eval-m10-n50,10,50,3016,rol,1,249,248,0.403226,0.673,d21d02e923ca52bc
eval-m10-n50,10,50,3017,lpt,,249,247,0.809717,0.031,385ecc92372ff6ab
eval-m10-n50,10,50,3017,multifit,,249,247,0.809717,0.146,86610d7816d89b0e
eval-m10-n50,10,50,3017,lpt_ls,,248,247,0.404858,0.442,44a7b1b4b613a27a
eval-m10-n50,10,50,3017,rol,1,248,247,0.404858,0.696,7898a872494aaf5c
eval-m10-n50,10,50,3018,lpt,,294,287,2.439024,0.031,914ed3ce7facf822
eval-m10-n50,10,50,3018,multifit,,288,287,0.348432,0.146,0a48a434c6a8e32a
eval-m10-n50,10,50,3018,lpt_ls,,290,287,1.045296,0.404,1d319b1743b7fe15
eval-m10-n50,10,50,3018,rol,1,293,287,2.090592,0.698,49e3708bfc454967
eval-m10-n50,10,50,3019,lpt,,252,247,2.024291,0.032,b47ad84c07058f87
eval-m10-n50,10,50,3019,multifit,,249,247,0.809717,0.134,dd264b2a5a178833
eval-m10-n50,10,50,3019,lpt_ls,,248,247,0.404858,0.321,a0ce37f58866791a
eval-m10-n50,10,50,3019,rol,1,248,247,0.404858,0.549,17c946d5f1b0499a
eval-m10-n50,10,50,3020,lpt,,204,203,0.492611,0.031,02cf5a4802bf2092
eval-m10-n50,10,50,3020,multifit,,204,203,0.492611,0.139,319d8d92b63a12dd
eval-m10-n50,10,50,3020,lpt_ls,,204,203,0.492611,0.297,02cf5a4802bf2092
eval-m10-n50,10,50,3020,rol,1,204,203,0.492611,0.737,02cf5a4802bf2092
eval-m10-n50,10,50,3021,lpt,,252,248,1.612903,0.031,82dd46a3e955d6ce
eval-m10-n50,10,50,3021,multifit,,249,248,0.403226,0.150,efc68bdad3d47a6b
eval-m10-n50,10,50,3021,lpt_ls,,250,248,0.806452,0.395,caed3f383d1098d8
eval-m10-n50,10,50,3021,rol,1,251,248,1.209677,0.687,67f81d59d50a8fc2
eval-m10-n50,10,50,3022,lpt,,255,253,0.790514,0.031,f50644515d0a1aae
eval-m10-n50,10,50,3022,multifit,,254,253,0.395257,0.150,6b2d97d4eaffe00d
eval-m10-n50,10,50,3022,lpt_ls,,253,253,0.000000,0.727,4aa3b77ee9c97cb9
eval-m10-n50,10,50,3022,rol,1,255,253,0.790514,0.689,f50644515d0a1aae
eval-m10-n50,10,50,3023,lpt,,243,241,0.829876,0.031,d6c89c4457c57e66
eval-m10-n50,10,50,3023,multifit,,242,241,0.414938,0.150,0a5d98f91ef09e1e
eval-m10-n50,10,50,3023,lpt_ls,,243,241,0.829876,0.137,d6c89c4457c57e66
eval-m10-n50,10,50,3023,rol,1,242,241,0.414938,0.671,361fa681a644309b
eval-m10-n50,10,50,3024,lpt,,233,229,1.746725,0.032,90ae51fb93cd5cea
eval-m10-n50,10,50,3024,multifit,,230,229,0.436681,0.145,5d8d5f3e66a0cb99
eval-m10-n50,10,50,3024,lpt_ls,,231,229,0.873362,0.410,a50b6637c5ee4dd5
eval-m10-n50,10,50,3024,rol,1,230,229,0.436681,0.576,0dbd08222d104a57
eval-m10-n50,10,50,3025,lpt,,257,251,2.390438,0.032,f34ea86725220780
eval-m10-n50,10,50,3025,multifit,,251,251,0.000000,0.151,b4bf25fc281594c7
eval-m10-n50,10,50,3025,lpt_ls,,253,251,0.796813,0.737,7018cacc4055042c
eval-m10-n50,10,50,3025,rol,1,253,251,0.796813,0.623,48f55dbfa572e31d
eval-m10-n50,10,50,3026,lpt,,253,251,0.796813,0.039,4646ae09df068f19
eval-m10-n50,10,50,3026,multifit,,251,251,0.000000,0.156,95685db58ed5aa40
eval-m10-n50,10,50,3026,lpt_ls,,252,251,0.398406,0.512,22bc16314d694c07
eval-m10-n50,10,50,3026,rol,1,252,251,0.398406,0.813,e3e1c3026235aa59
eval-m10-n50,10,50,3027,lpt,,276,274,0.729927,0.032,b8bccd7e8425e5bb
eval-m10-n50,10,50,3027,multifit,,275,274,0.364964,0.147,56c7d4205ef6547e
eval-m10-n50,10,50,3027,lpt_ls,,276,274,0.729927,0.220,b8bccd7e8425e5bb
eval-m10-n50,10,50,3027,rol,1,276,274,0.729927,0.665,b8bccd7e8425e5bb
eval-m10-n50,10,50,3028,lpt,,249,242,2.892562,0.031,617628d63250ca4a
eval-m10-n50,10,50,3028,multifit,,243,242,0.413223,0.154,c180955f1c3e22fe
eval-m10-n50,10,50,3028,lpt_ls,,246,242,1.652893,0.320,a93c817073fcaad5
eval-m10-n50,10,50,3028,rol,1,245,242,1.239669,0.662,71346e1be58d21aa
eval-m10-n50,10,50,3029,lpt,,241,235,2.553191,0.034,e3ae16acf640c3b2
eval-m10-n50,10,50,3029,multifit,,236,235,0.425532,0.145,1287fb8ea239f552
eval-m10-n50,10,50,3029,lpt_ls,,241,235,2.553191,0.232,e3ae16acf640c3b2
eval-m10-n50,10,50,3029,rol,1,239,235,1.702128,0.751,e97cc0c307860f7c
eval-m10-n100,10,100,3000,lpt,,496,495,0.202020,0.060,b9323c28b6852556
eval-m10-n100,10,100,3000,multifit,,495,495,0.000000,0.323,a4640adb9d129d20
eval-m10-n100,10,100,3000,lpt_ls,,495,495,0.000000,0.859,3231805ec37075cf
eval-m10-n100,10,100,3000,rol,1,496,495,0.202020,1.373,b9323c28b6852556
eval-m10-n100,10,100,3001,lpt,,505,503,0.397614,0.060,0b22ddf097085f78
eval-m10-n100,10,100,3001,multifit,,504,503,0.198807,0.328,c946e1dff66aafed
eval-m10-n100,10,100,3001,lpt_ls,,504,503,0.198807,0.452,71b502344f6f2940
eval-m10-n100,10,100,3001,rol,1,505,503,0.397614,1.620,0b22ddf097085f78
eval-m10-n100,10,100,3002,lpt,,453,451,0.443459,0.059,89ae45eb3f56a04e
eval-m10-n100,10,100,3002,multifit,,451,451,0.000000,0.298,606eb7bf16debea1
eval-m10-n100,10,100,3002,lpt_ls,,452,451,0.221729,0.439,50b5eaa69693ccf0
eval-m10-n100,10,100,3002,rol,1,452,451,0.221729,1.432,e28edec620ef53ed
eval-m10-n100,10,100,3003,lpt,,505,504,0.198413,0.060,0b59e3ca7a88eee4
eval-m10-n100,10,100,3003,multifit,,505,504,0.198413,0.371,7a13f66019ce8146
eval-m10-n100,10,100,3003,lpt_ls,,505,504,0.198413,0.443,0b59e3ca7a88eee4
eval-m10-n100,10,100,3003,rol,1,505,504,0.198413,1.558,0b59e3ca7a88eee4
eval-m10-n100,10,100,3004,lpt,,561,558,0.537634,0.094,ceaf86e10dc5128f
eval-m10-n100,10,100,3004,multifit,,559,558,0.179211,0.393,893dc822d179b922
eval-m10-n100,10,100,3004,lpt_ls,,560,558,0.358423,0.554,41d35b7c5dbedd01
eval-m10-n100,10,100,3004,rol,1,561,558,0.537634,1.196,ceaf86e10dc5128f
eval-m10-n100,10,100,3005,lpt,,524,522,0.383142,0.060,70ec45d813bc9488
eval-m10-n100,10,100,3005,multifit,,522,522,0.000000,0.311,0d69de748357344e
eval-m10-n100,10,100,3005,lpt_ls,,523,522,0.191571,0.361,c3a3addd6f91f176
eval-m10-n100,10,100,3005,rol,1,524,522,0.383142,1.060,70ec45d813bc9488
eval-m10-n100,10,100,3006,lpt,,516,514,0.389105,0.060,332fb3bf238d31bc
eval-m10-n100,10,100,3006,multifit,,514,514,0.000000,0.307,b01bc530b6394206
eval-m10-n100,10,100,3006,lpt_ls,,516,514,0.389105,0.253,332fb3bf238d31bc
eval-m10-n100,10,100,3006,rol,1,516,514,0.389105,1.490,332fb3bf238d31bc
eval-m10-n100,10,100,3007,lpt,,434,432,0.462963,0.057,8be180a0b371b609
eval-m10-n100,10,100,3007,multifit,,432,432,0.000000,0.298,8539480067f2053f
eval-m10-n100,10,100,3007,lpt_ls,,433,432,0.231481,0.361,16065fc389c8a314
eval-m10-n100,10,100,3007,rol,1,434,432,0.462963,1.542,8be180a0b371b609
eval-m10-n100,10,100,3008,lpt,,501,500,0.200000,0.058,0ead4e9345dd016f
eval-m10-n100,10,100,3008,multifit,,500,500,0.000000,0.321,b20cdaf4b2d8add4
eval-m10-n100,10,100,3008,lpt_ls,,500,500,0.000000,0.444,f103634e298ea5de
eval-m10-n100,10,100,3008,rol,1,500,500,0.000000,1.327,40692c99d9fa4364
eval-m10-n100,10,100,3009,lpt,,523,520,0.576923,0.058,715b7939c51f1d55
eval-m10-n100,10,100,3009,multifit,,520,520,0.000000,0.311,2e8c3c0b1352f03c
eval-m10-n100,10,100,3009,lpt_ls,,521,520,0.192308,0.468,1a283156452a394c
eval-m10-n100,10,100,3009,rol,1,523,520,0.576923,1.414,715b7939c51f1d55
eval-m10-n100,10,100,3010,lpt,,556,553,0.542495,0.059,b6b9d991268936aa
eval-m10-n100,10,100,3010,multifit,,553,553,0.000000,0.313,351a271efff8f6d9
eval-m10-n100,10,100,3010,lpt_ls,,556,553,0.542495,0.341,b6b9d991268936aa
eval-m10-n100,10,100,3010,rol,1,556,553,0.542495,1.861,b6b9d991268936aa
eval-m10-n100,10,100,3011,lpt,,485,483,0.414079,0.080,cb4f3e2dd274eeae
eval-m10-n100,10,100,3011,multifit,,483,483,0.000000,0.314,ae5424ea3a120c1e
eval-m10-n100,10,100,3011,lpt_ls,,484,483,0.207039,0.377,fbac57e137c254c8
eval-m10-n100,10,100,3011,rol,1,485,483,0.414079,1.551,cb4f3e2dd274eeae
eval-m10-n100,10,100,3012,lpt,,498,497,0.201207,0.058,4f06d9400b51d25e
eval-m10-n100,10,100,3012,multifit,,497,497,0.000000,0.312,4aba9ca43b6f008e
eval-m10-n100,10,100,3012,lpt_ls,,497,497,0.000000,0.612,7befb9f215127d70
eval-m10-n100,10,100,3012,rol,1,498,497,0.201207,1.767,4f06d9400b51d25e
eval-m10-n100,10,100,3013,lpt,,476,475,0.210526,0.059,7541b4c2ef87e968
eval-m10-n100,10,100,3013,multifit,,475,475,0.000000,0.317,5e6b6e44ea295fed
eval-m10-n100,10,100,3013,lpt_ls,,476,475,0.210526,0.254,7541b4c2ef87e968
eval-m10-n100,10,100,3013,rol,1,476,475,0.210526,1.538,7541b4c2ef87e968
eval-m10-n100,10,100,3014,lpt,,473,472,0.211864,0.059,401cf4eb32d3b415
eval-m10-n100,10,100,3014,multifit,,473,472,0.211864,0.313,89fae61157173483
eval-m10-n100,10,100,3014,lpt_ls,,473,472,0.211864,0.342,401cf4eb32d3b415
eval-m10-n100,10,100,3014,rol,1,473,472,0.211864,1.309,401cf4eb32d3b415
eval-m10-n100,10,100,3015,lpt,,486,485,0.206186,0.058,0f88657b41d24316
eval-m10-n100,10,100,3015,multifit,,485,485,0.000000,0.309,eb2052098882669a
eval-m10-n100,10,100,3015,lpt_ls,,486,485,0.206186,0.254,0f88657b41d24316
eval-m10-n100,10,100,3015,rol,1,485,485,0.000000,1.502,5c2b1d623a487198
eval-m10-n100,10,100,3016,lpt,,469,468,0.213675,0.059,0ed3628bd3f2fa0d
eval-m10-n100,10,100,3016,multifit,,469,468,0.213675,0.313,d395dabdc257fbe8
eval-m10-n100,10,100,3016,lpt_ls,,469,468,0.213675,0.256,0ed3628bd3f2fa0d
eval-m10-n100,10,100,3016,rol,1,469,468,0.213675,1.556,0ed3628bd3f2fa0d
eval-m10-n100,10,100,3017,lpt,,521,516,0.968992,0.061,46e6a4dac28ac052
eval-m10-n100,10,100,3017,multifit,,516,516,0.000000,0.431,5fe2d00560690dbb
eval-m10-n100,10,100,3017,lpt_ls,,520,516,0.775194,0.444,c528bc126b1cae6b
eval-m10-n100,10,100,3017,rol,1,519,516,0.581395,1.221,3bea1eb8a17cb566
eval-m10-n100,10,100,3018,lpt,,530,528,0.378788,0.060,e8560108480a8319
eval-m10-n100,10,100,3018,multifit,,529,528,0.189394,0.316,7275b53ec7c25d46
eval-m10-n100,10,100,3018,lpt_ls,,530,528,0.378788,0.271,e8560108480a8319
eval-m10-n100,10,100,3018,rol,1,530,528,0.378788,1.465,e8560108480a8319
eval-m10-n100,10,100,3019,lpt,,516,511,0.978474,0.058,de14113576b1bc0d
eval-m10-n100,10,100,3019,multifit,,511,511,0.000000,0.337,4bfc106f34cb8ceb
eval-m10-n100,10,100,3019,lpt_ls,,515,511,0.782779,0.388,c6a1d995faf286fd
eval-m10-n100,10,100,3019,rol,1,515,511,0.782779,1.662,8b734e241eb477b0
eval-m10-n100,10,100,3020,lpt,,468,467,0.214133,0.060,cd980daac6fe4be0
eval-m10-n100,10,100,3020,multifit,,467,467,0.000000,0.318,49a956185401ad0f
eval-m10-n100,10,100,3020,lpt_ls,,468,467,0.214133,0.256,cd980daac6fe4be0
eval-m10-n100,10,100,3020,rol,1,468,467,0.214133,1.079,cd980daac6fe4be0
eval-m10-n100,10,100,3021,lpt,,513,512,0.195312,0.057,bda49d84528d1b06
eval-m10-n100,10,100,3021,multifit,,512,512,0.000000,0.307,c60d57dec26d9ff8
eval-m10-n100,10,100,3021,lpt_ls,,513,512,0.195312,0.254,bda49d84528d1b06
eval-m10-n100,10,100,3021,rol,1,513,512,0.195312,1.284,bda49d84528d1b06
eval-m10-n100,10,100,3022,lpt,,542,541,0.184843,0.059,8a1a4f14c7f0730b
eval-m10-n100,10,100,3022,multifit,,541,541,0.000000,0.324,4da536df5a951106
eval-m10-n100,10,100,3022,lpt_ls,,541,541,0.000000,0.690,ccbe42cc753c5c9b
eval-m10-n100,10,100,3022,rol,1,542,541,0.184843,1.336,8a1a4f14c7f0730b
eval-m10-n100,10,100,3023,lpt,,515,513,0.389864,0.059,eddacd217564e6a6
eval-m10-n100,10,100,3023,multifit,,514,513,0.194932,0.324,b949c6a3671c138c
eval-m10-n100,10,100,3023,lpt_ls,,514,513,0.194932,0.547,7bed07d13dc77929
eval-m10-n100,10,100,3023,rol,1,515,513,0.389864,1.522,eddacd217564e6a6
eval-m10-n100,10,100,3024,lpt,,441,440,0.227273,0.069,e847973b024054d1
eval-m10-n100,10,100,3024,multifit,,441,440,0.227273,0.311,fada66d09c6b201b
eval-m10-n100,10,100,3024,lpt_ls,,441,440,0.227273,0.470,e847973b024054d1
eval-m10-n100,10,100,3024,rol,1,441,440,0.227273,1.923,e847973b024054d1
eval-m10-n100,10,100,3025,lpt,,471,470,0.212766,0.065,6854c5bc364f4ee9
eval-m10-n100,10,100,3025,multifit,,470,470,0.000000,0.332,5d5c7b364d41dffb
eval-m10-n100,10,100,3025,lpt_ls,,471,470,0.212766,0.365,6854c5bc364f4ee9
eval-m10-n100,10,100,3025,rol,1,471,470,0.212766,1.501,6854c5bc364f4ee9
eval-m10-n100,10,100,3026,lpt,,534,532,0.375940,0.058,499a1e1ff694070a
eval-m10-n100,10,100,3026,multifit,,532,532,0.000000,0.319,dbdf2326adf51887
eval-m10-n100,10,100,3026,lpt_ls,,534,532,0.375940,0.265,499a1e1ff694070a
eval-m10-n100,10,100,3026,rol,1,534,532,0.375940,1.317,499a1e1ff694070a
eval-m10-n100,10,100,3027,lpt,,489,486,0.617284,0.056,0bff18b000b5b7fd
eval-m10-n100,10,100,3027,multifit,,486,486,0.000000,0.325,5a86bef1b4b294ba
eval-m10-n100,10,100,3027,lpt_ls,,489,486,0.617284,0.258,0bff18b000b5b7fd
eval-m10-n100,10,100,3027,rol,1,489,486,0.617284,1.262,0bff18b000b5b7fd
eval-m10-n100,10,100,3028,lpt,,488,486,0.411523,0.057,d240ef588ee395d2
eval-m10-n100,10,100,3028,multifit,,487,486,0.205761,0.317,f8e35926f0d85f40
eval-m10-n100,10,100,3028,lpt_ls,,488,486,0.411523,0.422,d240ef588ee395d2
eval-m10-n100,10,100,3028,rol,1,488,486,0.411523,1.613,d240ef588ee395d2
eval-m10-n100,10,100,3029,lpt,,531,527,0.759013,0.058,6103e645901b674c
eval-m10-n100,10,100,3029,multifit,,527,527,0.000000,0.309,41666643b5592e5d
eval-m10-n100,10,100,3029,lpt_ls,,528,527,0.189753,0.622,4d480e21c4d8785b
eval-m10-n100,10,100,3029,rol,1,531,527,0.759013,1.326,6103e645901b674c
eval-m10-n200,10,200,3000,lpt,,996,996,0.000000,0.113,8e869494f7a77d3d
eval-m10-n200,10,200,3000,multifit,,996,996,0.000000,0.645,dfd2bafa183ff6bb
eval-m10-n200,10,200,3000,lpt_ls,,996,996,0.000000,0.676,8e869494f7a77d3d
eval-m10-n200,10,200,3000,rol,1,996,996,0.000000,2.591,8e869494f7a77d3d
eval-m10-n200,10,200,3001,lpt,,1033,1032,0.096899,0.115,2145f8183d3d8073
eval-m10-n200,10,200,3001,multifit,,1032,1032,0.000000,0.700,7dd1b7e364ac68ce
eval-m10-n200,10,200,3001,lpt_ls,,1033,1032,0.096899,0.356,2145f8183d3d8073
eval-m10-n200,10,200,3001,rol,1,1033,1032,0.096899,2.868,2145f8183d3d8073
eval-m10-n200,10,200,3002,lpt,,954,954,0.000000,0.113,cd68dbcca43f2fff
eval-m10-n200,10,200,3002,multifit,,954,954,0.000000,0.683,e71f930075a53c7f
eval-m10-n200,10,200,3002,lpt_ls,,954,954,0.000000,0.524,cd68dbcca43f2fff
eval-m10-n200,10,200,3002,rol,1,954,954,0.000000,1.817,cd68dbcca43f2fff
eval-m10-n200,10,200,3003,lpt,,1052,1052,0.000000,0.109,32789807392ccac4
eval-m10-n200,10,200,3003,multifit,,1052,1052,0.000000,0.656,086d7292f4f963a1
eval-m10-n200,10,200,3003,lpt_ls,,1052,1052,0.000000,0.611,32789807392ccac4
eval-m10-n200,10,200,3003,rol,1,1052,1052,0.000000,1.688,32789807392ccac4
eval-m10-n200,10,200,3004,lpt,,1069,1067,0.187441,0.105,1749279c66f337bd
eval-m10-n200,10,200,3004,multifit,,1067,1067,0.000000,0.665,cf25a4bf9dedad3f
eval-m10-n200,10,200,3004,lpt_ls,,1067,1067,0.000000,0.921,60be7efa11f1aeea
eval-m10-n200,10,200,3004,rol,1,1069,1067,0.187441,2.439,1749279c66f337bd
eval-m10-n200,10,200,3005,lpt,,1010,1009,0.099108,0.115,ad0789dff64b9163
eval-m10-n200,10,200,3005,multifit,,1009,1009,0.000000,0.667,c55dd3c3ff5407bd
eval-m10-n200,10,200,3005,lpt_ls,,1010,1009,0.099108,0.441,ad0789dff64b9163
eval-m10-n200,10,200,3005,rol,1,1010,1009,0.099108,2.014,ad0789dff64b9163
eval-m10-n200,10,200,3006,lpt,,1049,1048,0.095420,0.109,90854255b93bbb6a
eval-m10-n200,10,200,3006,multifit,,1048,1048,0.000000,0.671,3d77c7079655ed6f
eval-m10-n200,10,200,3006,lpt_ls,,1049,1048,0.095420,0.518,90854255b93bbb6a
eval-m10-n200,10,200,3006,rol,1,1049,1048,0.095420,2.365,90854255b93bbb6a
eval-m10-n200,10,200,3007,lpt,,978,978,0.000000,0.111,c8b43e9e292fb9f9
eval-m10-n200,10,200,3007,multifit,,978,978,0.000000,0.683,44534b11ca8c50b5
eval-m10-n200,10,200,3007,lpt_ls,,978,978,0.000000,0.427,c8b43e9e292fb9f9
eval-m10-n200,10,200,3007,rol,1,978,978,0.000000,2.359,c8b43e9e292fb9f9
eval-m10-n200,10,200,3008,lpt,,972,971,0.102987,0.107,944b06cbe3a1d44e
eval-m10-n200,10,200,3008,multifit,,971,971,0.000000,0.653,f7df2325bb8528f5
eval-m10-n200,10,200,3008,lpt_ls,,972,971,0.102987,0.434,944b06cbe3a1d44e
eval-m10-n200,10,200,3008,rol,1,972,971,0.102987,2.691,944b06cbe3a1d44e
eval-m10-n200,10,200,3009,lpt,,1062,1061,0.094251,0.171,35820da8c0492ef2
eval-m10-n200,10,200,3009,multifit,,1061,1061,0.000000,0.682,d17cb4f6c1770816
eval-m10-n200,10,200,3009,lpt_ls,,1061,1061,0.000000,0.738,368f3a3c0909a1c0
eval-m10-n200,10,200,3009,rol,1,1061,1061,0.000000,2.193,17093a69c240f294
eval-m10-n200,10,200,3010,lpt,,1130,1127,0.266193,0.106,87b4525bb21ec630
eval-m10-n200,10,200,3010,multifit,,1127,1127,0.000000,0.658,54a1c7b55352a036
eval-m10-n200,10,200,3010,lpt_ls,,1128,1127,0.088731,0.540,de7c0a9e8f067b6c
eval-m10-n200,10,200,3010,rol,1,1130,1127,0.266193,2.627,87b4525bb21ec630
eval-m10-n200,10,200,3011,lpt,,985,984,0.101626,0.107,c53cb6644e0fcd61
eval-m10-n200,10,200,3011,multifit,,984,984,0.000000,0.639,8d28e056696e8588
eval-m10-n200,10,200,3011,lpt_ls,,985,984,0.101626,0.334,c53cb6644e0fcd61
eval-m10-n200,10,200,3011,rol,1,985,984,0.101626,2.407,c53cb6644e0fcd61
eval-m10-n200,10,200,3012,lpt,,1006,1006,0.000000,0.110,0bbb23dc65d34112
eval-m10-n200,10,200,3012,multifit,,1006,1006,0.000000,0.664,ac2bcb290000622f
eval-m10-n200,10,200,3012,lpt_ls,,1006,1006,0.000000,0.443,0bbb23dc65d34112
eval-m10-n200,10,200,3012,rol,1,1006,1006,0.000000,2.565,0bbb23dc65d34112
eval-m10-n200,10,200,3013,lpt,,932,932,0.000000,0.115,bb2221751238d2ff
eval-m10-n200,10,200,3013,multifit,,932,932,0.000000,0.809,58a4c9268b163b16
eval-m10-n200,10,200,3013,lpt_ls,,932,932,0.000000,0.373,bb2221751238d2ff
eval-m10-n200,10,200,3013,rol,1,932,932,0.000000,1.933,bb2221751238d2ff
eval-m10-n200,10,200,3014,lpt,,956,955,0.104712,0.112,fa44fb32d525103e
eval-m10-n200,10,200,3014,multifit,,955,955,0.000000,0.692,6f198e0d5f12ebd5
eval-m10-n200,10,200,3014,lpt_ls,,955,955,0.000000,1.154,d847eb4208d4ca69
eval-m10-n200,10,200,3014,rol,1,956,955,0.104712,2.065,fa44fb32d525103e
eval-m10-n200,10,200,3015,lpt,,954,954,0.000000,0.111,fb60e890c6fa8c35
eval-m10-n200,10,200,3015,multifit,,954,954,0.000000,0.664,29a767ff3cebe412
eval-m10-n200,10,200,3015,lpt_ls,,954,954,0.000000,0.761,fb60e890c6fa8c35
eval-m10-n200,10,200,3015,rol,1,954,954,0.000000,2.438,fb60e890c6fa8c35
eval-m10-n200,10,200,3016,lpt,,1000,999,0.100100,0.111,5e385fa4ae49d135
eval-m10-n200,10,200,3016,multifit,,999,999,0.000000,0.672,5e73d1ad4b8aae26
eval-m10-n200,10,200,3016,lpt_ls,,1000,999,0.100100,0.338,5e385fa4ae49d135
eval-m10-n200,10,200,3016,rol,1,1000,999,0.100100,2.067,5e385fa4ae49d135
eval-m10-n200,10,200,3017,lpt,,995,993,0.201410,0.118,a0c1b4668925c694
eval-m10-n200,10,200,3017,multifit,,993,993,0.000000,0.691,1f3ee7af588aef94
eval-m10-n200,10,200,3017,lpt_ls,,994,993,0.100705,0.645,b02a61dfe99ca2d1
eval-m10-n200,10,200,3017,rol,1,995,993,0.201410,1.898,a0c1b4668925c694
eval-m10-n200,10,200,3018,lpt,,1017,1017,0.000000,0.112,ab7ac240a87c74f0
eval-m10-n200,10,200,3018,multifit,,1017,1017,0.000000,0.675,824c0f6f06587d14
eval-m10-n200,10,200,3018,lpt_ls,,1017,1017,0.000000,0.714,ab7ac240a87c74f0
eval-m10-n200,10,200,3018,rol,1,1017,1017,0.000000,3.079,ab7ac240a87c74f0
eval-m10-n200,10,200,3019,lpt,,1027,1026,0.097466,0.110,ccd253b145f06447
eval-m10-n200,10,200,3019,multifit,,1026,1026,0.000000,0.669,c19f377595623bb8
eval-m10-n200,10,200,3019,lpt_ls,,1026,1026,0.000000,0.729,ab49ff8267fe3fd1
eval-m10-n200,10,200,3019,rol,1,1027,1026,0.097466,2.154,ccd253b145f06447
eval-m10-n200,10,200,3020,lpt,,950,950,0.000000,0.108,2e4939d57d58d50e
eval-m10-n200,10,200,3020,multifit,,950,950,0.000000,0.654,78be0b100870212c
eval-m10-n200,10,200,3020,lpt_ls,,950,950,0.000000,0.805,2e4939d57d58d50e
eval-m10-n200,10,200,3020,rol,1,950,950,0.000000,2.586,2e4939d57d58d50e
eval-m10-n200,10,200,3021,lpt,,1004,1003,0.099701,0.114,ebbd84b7569bf1aa
eval-m10-n200,10,200,3021,multifit,,1003,1003,0.000000,0.682,ca223c72c98cb2ab
eval-m10-n200,10,200,3021,lpt_ls,,1003,1003,0.000000,0.898,86d5ec8cb8b9891b
eval-m10-n200,10,200,3021,rol,1,1004,1003,0.099701,2.072,ebbd84b7569bf1aa
eval-m10-n200,10,200,3022,lpt,,1031,1031,0.000000,0.108,e1e9f384f18ab193
eval-m10-n200,10,200,3022,multifit,,1031,1031,0.000000,0.668,88d8a64edaef676b
eval-m10-n200,10,200,3022,lpt_ls,,1031,1031,0.000000,0.523,e1e9f384f18ab193
eval-m10-n200,10,200,3022,rol,1,1031,1031,0.000000,1.746,e1e9f384f18ab193
eval-m10-n200,10,200,3023,lpt,,995,994,0.100604,0.107,18a13ed16781b81c
eval-m10-n200,10,200,3023,multifit,,994,994,0.000000,0.673,a1f7fa8a3ba5b3e0
eval-m10-n200,10,200,3023,lpt_ls,,995,994,0.100604,0.333,18a13ed16781b81c
eval-m10-n200,10,200,3023,rol,1,995,994,0.100604,2.142,18a13ed16781b81c
eval-m10-n200,10,200,3024,lpt,,942,942,0.000000,0.105,23a5285b8eb5dfc8
eval-m10-n200,10,200,3024,multifit,,942,942,0.000000,0.691,e9702fe2a89ca36e
eval-m10-n200,10,200,3024,lpt_ls,,942,942,0.000000,0.705,23a5285b8eb5dfc8
eval-m10-n200,10,200,3024,rol,1,942,942,0.000000,2.733,23a5285b8eb5dfc8
eval-m10-n200,10,200,3025,lpt,,916,915,0.109290,0.108,1567bcb48a06df3f
eval-m10-n200,10,200,3025,multifit,,915,915,0.000000,0.697,a9a47e94a19453c9
eval-m10-n200,10,200,3025,lpt_ls,,915,915,0.000000,0.930,95017f85de226e19
eval-m10-n200,10,200,3025,rol,1,916,915,0.109290,2.520,1567bcb48a06df3f
eval-m10-n200,10,200,3026,lpt,,1018,1016,0.196850,0.112,0e8b8f34c2f1f252
eval-m10-n200,10,200,3026,multifit,,1016,1016,0.000000,0.654,1b788e3efc930c0b
eval-m10-n200,10,200,3026,lpt_ls,,1017,1016,0.098425,0.669,f1e5f927a05ddc55
eval-m10-n200,10,200,3026,rol,1,1018,1016,0.196850,2.038,0e8b8f34c2f1f252
eval-m10-n200,10,200,3027,lpt,,1050,1049,0.095329,0.108,3488f332e4017729
eval-m10-n200,10,200,3027,multifit,,1049,1049,0.000000,0.679,5e69a0208dc88b63
eval-m10-n200,10,200,3027,lpt_ls,,1050,1049,0.095329,0.536,3488f332e4017729
eval-m10-n200,10,200,3027,rol,1,1050,1049,0.095329,1.854,3488f332e4017729
eval-m10-n200,10,200,3028,lpt,,998,997,0.100301,0.108,f42d86ceeac37d92
eval-m10-n200,10,200,3028,multifit,,997,997,0.000000,0.670,9d382eb4bdee7893
eval-m10-n200,10,200,3028,lpt_ls,,997,997,0.000000,0.740,9c35d1e4344c362c
eval-m10-n200,10,200,3028,rol,1,998,997,0.100301,2.074,f42d86ceeac37d92
eval-m10-n200,10,200,3029,lpt,,1003,1003,0.000000,0.119,1fc349197b5e72f7
eval-m10-n200,10,200,3029,multifit,,1003,1003,0.000000,0.694,d0bcdb8f70c358f1
eval-m10-n200,10,200,3029,lpt_ls,,1003,1003,0.000000,0.564,1fc349197b5e72f7
eval-m10-n200,10,200,3029,rol,1,1003,1003,0.000000,2.032,1fc349197b5e72f7
eval-m10-n500,10,500,3000,lpt,,2485,2485,0.000000,0.264,c0243b191506a7e4
eval-m10-n500,10,500,3000,multifit,,2485,2485,0.000000,1.776,03351e0adf96d592
eval-m10-n500,10,500,3000,lpt_ls,,2485,2485,0.000000,0.510,c0243b191506a7e4
eval-m10-n500,10,500,3000,rol,1,2485,2485,0.000000,5.485,c0243b191506a7e4
eval-m10-n500,10,500,3001,lpt,,2388,2388,0.000000,0.257,36645ecaa08f8395
eval-m10-n500,10,500,3001,multifit,,2388,2388,0.000000,1.792,a91983fccb03140d
eval-m10-n500,10,500,3001,lpt_ls,,2388,2388,0.000000,1.130,36645ecaa08f8395
eval-m10-n500,10,500,3001,rol,1,2388,2388,0.000000,5.779,36645ecaa08f8395
eval-m10-n500,10,500,3002,lpt,,2500,2499,0.040016,0.264,e30c55bfc89c5d53
eval-m10-n500,10,500,3002,multifit,,2499,2499,0.000000,1.777,bcca825064ca9499
eval-m10-n500,10,500,3002,lpt_ls,,2499,2499,0.000000,1.589,eb878936264ee15b
eval-m10-n500,10,500,3002,rol,1,2500,2499,0.040016,4.484,e30c55bfc89c5d53
eval-m10-n500,10,500,3003,lpt,,2544,2544,0.000000,0.260,4e6ced6408cf50fe
eval-m10-n500,10,500,3003,multifit,,2544,2544,0.000000,1.822,2aff3d2cfb0035da
eval-m10-n500,10,500,3003,lpt_ls,,2544,2544,0.000000,0.942,4e6ced6408cf50fe
eval-m10-n500,10,500,3003,rol,1,2544,2544,0.000000,3.865,4e6ced6408cf50fe
eval-m10-n500,10,500,3004,lpt,,2547,2546,0.039277,0.262,4242084d40cd473a
eval-m10-n500,10,500,3004,multifit,,2546,2546,0.000000,1.798,37ced6a9c4ef2d4b
eval-m10-n500,10,500,3004,lpt_ls,,2546,2546,0.000000,1.578,dda5f65916e9fe96
eval-m10-n500,10,500,3004,rol,1,2547,2546,0.039277,3.682,4242084d40cd473a
eval-m10-n500,10,500,3005,lpt,,2461,2461,0.000000,0.267,8818cb3f1de0d0a0
eval-m10-n500,10,500,3005,multifit,,2461,2461,0.000000,1.729,0ca9e50e6cc514b5
eval-m10-n500,10,500,3005,lpt_ls,,2461,2461,0.000000,0.813,8818cb3f1de0d0a0
eval-m10-n500,10,500,3005,rol,1,2461,2461,0.000000,4.260,8818cb3f1de0d0a0
eval-m10-n500,10,500,3006,lpt,,2562,2562,0.000000,0.267,8c8aa470965272a9
eval-m10-n500,10,500,3006,multifit,,2562,2562,0.000000,1.951,1d5088f27f2a7cc4
eval-m10-n500,10,500,3006,lpt_ls,,2562,2562,0.000000,1.641,8c8aa470965272a9
eval-m10-n500,10,500,3006,rol,1,2562,2562,0.000000,4.571,8c8aa470965272a9
eval-m10-n500,10,500,3007,lpt,,2451,2451,0.000000,0.259,52b6d5a54c58b3e7
eval-m10-n500,10,500,3007,multifit,,2451,2451,0.000000,1.763,49a9db3f7319a38f
eval-m10-n500,10,500,3007,lpt_ls,,2451,2451,0.000000,0.509,52b6d5a54c58b3e7
eval-m10-n500,10,500,3007,rol,1,2451,2451,0.000000,5.586,52b6d5a54c58b3e7
eval-m10-n500,10,500,3008,lpt,,2409,2409,0.000000,0.272,39854ff25148edb7
eval-m10-n500,10,500,3008,multifit,,2409,2409,0.000000,1.804,8a4f0db4f2be41c3
eval-m10-n500,10,500,3008,lpt_ls,,2409,2409,0.000000,0.507,39854ff25148edb7
eval-m10-n500,10,500,3008,rol,1,2409,2409,0.000000,3.789,39854ff25148edb7
eval-m10-n500,10,500,3009,lpt,,2621,2621,0.000000,0.256,c02e9192f667980e
eval-m10-n500,10,500,3009,multifit,,2621,2621,0.000000,1.773,27f42c28085a6fef
eval-m10-n500,10,500,3009,lpt_ls,,2621,2621,0.000000,0.819,c02e9192f667980e
eval-m10-n500,10,500,3009,rol,1,2621,2621,0.000000,3.986,c02e9192f667980e
eval-m10-n500,10,500,3010,lpt,,2476,2476,0.000000,0.267,48f1d3159d375cd6
eval-m10-n500,10,500,3010,multifit,,2476,2476,0.000000,1.781,53950d49c0089f4e
eval-m10-n500,10,500,3010,lpt_ls,,2476,2476,0.000000,0.735,48f1d3159d375cd6
eval-m10-n500,10,500,3010,rol,1,2476,2476,0.000000,4.442,48f1d3159d375cd6
eval-m10-n500,10,500,3011,lpt,,2396,2396,0.000000,0.270,f31b74c2bac41cbd
eval-m10-n500,10,500,3011,multifit,,2396,2396,0.000000,1.759,00b7cada733dfda1
eval-m10-n500,10,500,3011,lpt_ls,,2396,2396,0.000000,1.104,f31b74c2bac41cbd
eval-m10-n500,10,500,3011,rol,1,2396,2396,0.000000,6.051,f31b74c2bac41cbd
eval-m10-n500,10,500,3012,lpt,,2580,2580,0.000000,0.344,e45882f375354ce7
eval-m10-n500,10,500,3012,multifit,,2580,2580,0.000000,1.917,deb0f75a8e12cbf5
eval-m10-n500,10,500,3012,lpt_ls,,2580,2580,0.000000,1.298,e45882f375354ce7
eval-m10-n500,10,500,3012,rol,1,2580,2580,0.000000,3.499,e45882f375354ce7
eval-m10-n500,10,500,3013,lpt,,2449,2449,0.000000,0.275,65dcea253815875b
eval-m10-n500,10,500,3013,multifit,,2449,2449,0.000000,1.828,6d55ec2df07588ec
eval-m10-n500,10,500,3013,lpt_ls,,2449,2449,0.000000,1.279,65dcea253815875b
eval-m10-n500,10,500,3013,rol,1,2449,2449,0.000000,4.203,65dcea253815875b
eval-m10-n500,10,500,3014,lpt,,2483,2483,0.000000,0.274,1a7d4299dfeccf63
eval-m10-n500,10,500,3014,multifit,,2483,2483,0.000000,1.891,6405c8fa19aa6d08
eval-m10-n500,10,500,3014,lpt_ls,,2483,2483,0.000000,0.782,1a7d4299dfeccf63
eval-m10-n500,10,500,3014,rol,1,2483,2483,0.000000,4.092,1a7d4299dfeccf63
eval-m10-n500,10,500,3015,lpt,,2433,2433,0.000000,0.274,1af5c91922ff198d
eval-m10-n500,10,500,3015,multifit,,2433,2433,0.000000,1.960,4bbc8f53ff5348ef
eval-m10-n500,10,500,3015,lpt_ls,,2433,2433,0.000000,1.013,1af5c91922ff198d
eval-m10-n500,10,500,3015,rol,1,2433,2433,0.000000,4.550,1af5c91922ff198d
eval-m10-n500,10,500,3016,lpt,,2506,2506,0.000000,0.269,abf79e9d867afb78
eval-m10-n500,10,500,3016,multifit,,2506,2506,0.000000,1.852,47383a11db1837c4
eval-m10-n500,10,500,3016,lpt_ls,,2506,2506,0.000000,0.589,abf79e9d867afb78
eval-m10-n500,10,500,3016,rol,1,2506,2506,0.000000,4.356,abf79e9d867afb78
eval-m10-n500,10,500,3017,lpt,,2478,2477,0.040371,0.268,6c96e10eb51b88ea
eval-m10-n500,10,500,3017,multifit,,2477,2477,0.000000,1.850,a0ebd4a06ae07ba8
eval-m10-n500,10,500,3017,lpt_ls,,2477,2477,0.000000,1.759,cb112dd492041cd3
eval-m10-n500,10,500,3017,rol,1,2478,2477,0.040371,3.552,6c96e10eb51b88ea
eval-m10-n500,10,500,3018,lpt,,2657,2657,0.000000,0.294,bf6e7119833240ed
eval-m10-n500,10,500,3018,multifit,,2657,2657,0.000000,1.864,d81b099d2001f61f
eval-m10-n500,10,500,3018,lpt_ls,,2657,2657,0.000000,0.666,bf6e7119833240ed
eval-m10-n500,10,500,3018,rol,1,2657,2657,0.000000,4.488,bf6e7119833240ed
eval-m10-n500,10,500,3019,lpt,,2486,2486,0.000000,0.268,f1915327b34a020c
eval-m10-n500,10,500,3019,multifit,,2486,2486,0.000000,1.803,c7da10406d85c3f7
eval-m10-n500,10,500,3019,lpt_ls,,2486,2486,0.000000,0.816,f1915327b34a020c
eval-m10-n500,10,500,3019,rol,1,2486,2486,0.000000,4.290,f1915327b34a020c
eval-m10-n500,10,500,3020,lpt,,2334,2334,0.000000,0.272,02435ba4fbdc944e
eval-m10-n500,10,500,3020,multifit,,2334,2334,0.000000,1.948,504e82b10d1c75ca
eval-m10-n500,10,500,3020,lpt_ls,,2334,2334,0.000000,1.896,02435ba4fbdc944e
eval-m10-n500,10,500,3020,rol,1,2334,2334,0.000000,5.392,02435ba4fbdc944e
eval-m10-n500,10,500,3021,lpt,,2591,2591,0.000000,0.272,bc404596666c630f
eval-m10-n500,10,500,3021,multifit,,2591,2591,0.000000,1.805,c67ea6b3ebb95cf5
eval-m10-n500,10,500,3021,lpt_ls,,2591,2591,0.000000,0.647,bc404596666c630f
eval-m10-n500,10,500,3021,rol,1,2591,2591,0.000000,3.554,bc404596666c630f
eval-m10-n500,10,500,3022,lpt,,2515,2515,0.000000,0.307,37f73ba37916ac5e
eval-m10-n500,10,500,3022,multifit,,2515,2515,0.000000,1.811,5a3b34ff09141e06
eval-m10-n500,10,500,3022,lpt_ls,,2515,2515,0.000000,0.708,37f73ba37916ac5e
eval-m10-n500,10,500,3022,rol,1,2515,2515,0.000000,3.606,37f73ba37916ac5e
eval-m10-n500,10,500,3023,lpt,,2526,2525,0.039604,0.314,6f5dbc7a3b61b367
eval-m10-n500,10,500,3023,multifit,,2525,2525,0.000000,1.845,1ebe5c382de61770
eval-m10-n500,10,500,3023,lpt_ls,,2525,2525,0.000000,1.606,85175c05417a9850
eval-m10-n500,10,500,3023,rol,1,2526,2525,0.039604,3.800,6f5dbc7a3b61b367
eval-m10-n500,10,500,3024,lpt,,2491,2491,0.000000,0.264,cf5748e7fdf5e6ea
eval-m10-n500,10,500,3024,multifit,,2491,2491,0.000000,1.888,2b795b22fae3e75c
eval-m10-n500,10,500,3024,lpt_ls,,2491,2491,0.000000,1.049,cf5748e7fdf5e6ea
eval-m10-n500,10,500,3024,rol,1,2491,2491,0.000000,4.376,cf5748e7fdf5e6ea
eval-m10-n500,10,500,3025,lpt,,2426,2426,0.000000,0.271,281d6695164537e1
eval-m10-n500,10,500,3025,multifit,,2426,2426,0.000000,1.843,abf55ba1704285f9
eval-m10-n500,10,500,3025,lpt_ls,,2426,2426,0.000000,1.806,281d6695164537e1
eval-m10-n500,10,500,3025,rol,1,2426,2426,0.000000,4.154,281d6695164537e1
eval-m10-n500,10,500,3026,lpt,,2475,2475,0.000000,0.280,ceaa9a31f0709c44
eval-m10-n500,10,500,3026,multifit,,2475,2475,0.000000,2.062,e189e41235f6cdb8
eval-m10-n500,10,500,3026,lpt_ls,,2475,2475,0.000000,1.306,ceaa9a31f0709c44
eval-m10-n500,10,500,3026,rol,1,2475,2475,0.000000,4.048,ceaa9a31f0709c44
eval-m10-n500,10,500,3027,lpt,,2671,2670,0.037453,0.265,bc67949a3df9e092
eval-m10-n500,10,500,3027,multifit,,2670,2670,0.000000,1.822,b2e9a397e299767c
eval-m10-n500,10,500,3027,lpt_ls,,2670,2670,0.000000,1.771,82910ca91f82f779
eval-m10-n500,10,500,3027,rol,1,2671,2670,0.037453,3.945,bc67949a3df9e092
eval-m10-n500,10,500,3028,lpt,,2573,2573,0.000000,0.269,e3f43a7ad65e690e
eval-m10-n500,10,500,3028,multifit,,2573,2573,0.000000,1.881,f47861258a766bd0
eval-m10-n500,10,500,3028,lpt_ls,,2573,2573,0.000000,1.044,e3f43a7ad65e690e
eval-m10-n500,10,500,3028,rol,1,2573,2573,0.000000,4.784,e3f43a7ad65e690e
eval-m10-n500,10,500,3029,lpt,,2530,2530,0.000000,0.300,be958b441cda1ba6
eval-m10-n500,10,500,3029,multifit,,2530,2530,0.000000,1.794,e2d12e471e58d52e
eval-m10-n500,10,500,3029,lpt_ls,,2530,2530,0.000000,1.883,be958b441cda1ba6
eval-m10-n500,10,500,3029,rol,1,2530,2530,0.000000,4.144,be958b441cda1ba6
